PROVIDER;DESCRIPTION;ACCOUNTID;REGION;ASSESSMENTDATE;REQUIREMENTS_ID;REQUIREMENTS_NAME;REQUIREMENTS_DESCRIPTION;REQUIREMENTS_ATTRIBUTES_CATEGORY;REQUIREMENTS_ATTRIBUTES_OBJETIVE_ID;REQUIREMENTS_ATTRIBUTES_OBJETIVE_NAME;REQUIREMENTS_ATTRIBUTES_CHECK_SUMMARY;STATUS;STATUSEXTENDED;RESOURCEID;CHECKID;MUTED;RESOURCENAME;FRAMEWORK;NAME
aws;ISO (the International Organization for Standardization) and IEC (the International Electrotechnical Commission) form the specialized system for worldwide standardization. National bodies that are members of ISO or IEC participate in the development of International Standards through technical committees established by the respective organization to deal with particular fields of technical activity. ISO and IEC technical committees collaborate in fields of mutual interest. Other international organizations, governmental and non-governmental, in liaison with ISO and IEC, also take part in the work.;334960985321;eu-north-1;2026-04-06 19:21:44.104332;A.12.4.T;Logging and Monitoring;Ensure CloudTrail is enabled in all regions;A.12 Operations Security;A.12.4.T;Logging and Monitoring;Ensure CloudTrail is enabled in all regions;FAIL;No CloudTrail trails enabled with logging were found.;arn:aws:cloudtrail:eu-north-1:334960985321:trail;cloudtrail_multi_region_enabled;False;334960985321;ISO27001;ISO/IEC 27001 Information Security Management Standard 2013
aws;ISO (the International Organization for Standardization) and IEC (the International Electrotechnical Commission) form the specialized system for worldwide standardization. National bodies that are members of ISO or IEC participate in the development of International Standards through technical committees established by the respective organization to deal with particular fields of technical activity. ISO and IEC technical committees collaborate in fields of mutual interest. Other international organizations, governmental and non-governmental, in liaison with ISO and IEC, also take part in the work.;334960985321;eu-north-1;2026-04-06 19:21:44.104332;A.12.4.D;Logging and Monitoring;Ensure a log metric filter and alarm exist for changes to Network Access Control Lists (NACL);A.12 Operations Security;A.12.4.D;Logging and Monitoring;Ensure a log metric filter and alarm exist for changes to Network Access Control Lists (NACL);FAIL;No CloudWatch log groups found with metric filters or alarms associated.;arn:aws:logs:eu-north-1:334960985321:log-group;cloudwatch_changes_to_network_acls_alarm_configured;False;334960985321;ISO27001;ISO/IEC 27001 Information Security Management Standard 2013
aws;ISO (the International Organization for Standardization) and IEC (the International Electrotechnical Commission) form the specialized system for worldwide standardization. National bodies that are members of ISO or IEC participate in the development of International Standards through technical committees established by the respective organization to deal with particular fields of technical activity. ISO and IEC technical committees collaborate in fields of mutual interest. Other international organizations, governmental and non-governmental, in liaison with ISO and IEC, also take part in the work.;334960985321;eu-north-1;2026-04-06 19:21:44.104332;A.12.4.C;Logging and Monitoring;Ensure a log metric filter and alarm exist for changes to network gateways;A.12 Operations Security;A.12.4.C;Logging and Monitoring;Ensure a log metric filter and alarm exist for changes to network gateways;FAIL;No CloudWatch log groups found with metric filters or alarms associated.;arn:aws:logs:eu-north-1:334960985321:log-group;cloudwatch_changes_to_network_gateways_alarm_configured;False;334960985321;ISO27001;ISO/IEC 27001 Information Security Management Standard 2013
aws;ISO (the International Organization for Standardization) and IEC (the International Electrotechnical Commission) form the specialized system for worldwide standardization. National bodies that are members of ISO or IEC participate in the development of International Standards through technical committees established by the respective organization to deal with particular fields of technical activity. ISO and IEC technical committees collaborate in fields of mutual interest. Other international organizations, governmental and non-governmental, in liaison with ISO and IEC, also take part in the work.;334960985321;eu-north-1;2026-04-06 19:21:44.104332;A.12.4.B;Logging and Monitoring;Ensure a log metric filter and alarm exist for route table changes;A.12 Operations Security;A.12.4.B;Logging and Monitoring;Ensure a log metric filter and alarm exist for route table changes;FAIL;No CloudWatch log groups found with metric filters or alarms associated.;arn:aws:logs:eu-north-1:334960985321:log-group;cloudwatch_changes_to_network_route_tables_alarm_configured;False;334960985321;ISO27001;ISO/IEC 27001 Information Security Management Standard 2013
aws;ISO (the International Organization for Standardization) and IEC (the International Electrotechnical Commission) form the specialized system for worldwide standardization. National bodies that are members of ISO or IEC participate in the development of International Standards through technical committees established by the respective organization to deal with particular fields of technical activity. ISO and IEC technical committees collaborate in fields of mutual interest. Other international organizations, governmental and non-governmental, in liaison with ISO and IEC, also take part in the work.;334960985321;eu-north-1;2026-04-06 19:21:44.104332;A.12.4.A;Logging and Monitoring;Ensure a log metric filter and alarm exist for VPC changes;A.12 Operations Security;A.12.4.A;Logging and Monitoring;Ensure a log metric filter and alarm exist for VPC changes;FAIL;No CloudWatch log groups found with metric filters or alarms associated.;arn:aws:logs:eu-north-1:334960985321:log-group;cloudwatch_changes_to_vpcs_alarm_configured;False;334960985321;ISO27001;ISO/IEC 27001 Information Security Management Standard 2013
aws;ISO (the International Organization for Standardization) and IEC (the International Electrotechnical Commission) form the specialized system for worldwide standardization. National bodies that are members of ISO or IEC participate in the development of International Standards through technical committees established by the respective organization to deal with particular fields of technical activity. ISO and IEC technical committees collaborate in fields of mutual interest. Other international organizations, governmental and non-governmental, in liaison with ISO and IEC, also take part in the work.;334960985321;eu-north-1;2026-04-06 19:21:44.104332;A.12.4.F;Logging and Monitoring;Ensure a log metric filter and alarm exist for AWS Config configuration changes;A.12 Operations Security;A.12.4.F;Logging and Monitoring;Ensure a log metric filter and alarm exist for AWS Config configuration changes;FAIL;No CloudWatch log groups found with metric filters or alarms associated.;arn:aws:logs:eu-north-1:334960985321:log-group;cloudwatch_log_metric_filter_and_alarm_for_aws_config_configuration_changes_enabled;False;334960985321;ISO27001;ISO/IEC 27001 Information Security Management Standard 2013
aws;ISO (the International Organization for Standardization) and IEC (the International Electrotechnical Commission) form the specialized system for worldwide standardization. National bodies that are members of ISO or IEC participate in the development of International Standards through technical committees established by the respective organization to deal with particular fields of technical activity. ISO and IEC technical committees collaborate in fields of mutual interest. Other international organizations, governmental and non-governmental, in liaison with ISO and IEC, also take part in the work.;334960985321;eu-north-1;2026-04-06 19:21:44.104332;A.12.4.J;Logging and Monitoring;Ensure a log metric filter and alarm exist for CloudTrail configuration changes;A.12 Operations Security;A.12.4.J;Logging and Monitoring;Ensure a log metric filter and alarm exist for CloudTrail configuration changes;FAIL;No CloudWatch log groups found with metric filters or alarms associated.;arn:aws:logs:eu-north-1:334960985321:log-group;cloudwatch_log_metric_filter_and_alarm_for_cloudtrail_configuration_changes_enabled;False;334960985321;ISO27001;ISO/IEC 27001 Information Security Management Standard 2013
aws;ISO (the International Organization for Standardization) and IEC (the International Electrotechnical Commission) form the specialized system for worldwide standardization. National bodies that are members of ISO or IEC participate in the development of International Standards through technical committees established by the respective organization to deal with particular fields of technical activity. ISO and IEC technical committees collaborate in fields of mutual interest. Other international organizations, governmental and non-governmental, in liaison with ISO and IEC, also take part in the work.;334960985321;eu-north-1;2026-04-06 19:21:44.104332;A.12.4.I;Logging and Monitoring;Ensure a log metric filter and alarm exist for AWS Management Console authentication failures;A.12 Operations Security;A.12.4.I;Logging and Monitoring;Ensure a log metric filter and alarm exist for AWS Management Console authentication failures;FAIL;No CloudWatch log groups found with metric filters or alarms associated.;arn:aws:logs:eu-north-1:334960985321:log-group;cloudwatch_log_metric_filter_authentication_failures;False;334960985321;ISO27001;ISO/IEC 27001 Information Security Management Standard 2013
aws;ISO (the International Organization for Standardization) and IEC (the International Electrotechnical Commission) form the specialized system for worldwide standardization. National bodies that are members of ISO or IEC participate in the development of International Standards through technical committees established by the respective organization to deal with particular fields of technical activity. ISO and IEC technical committees collaborate in fields of mutual interest. Other international organizations, governmental and non-governmental, in liaison with ISO and IEC, also take part in the work.;334960985321;eu-north-1;2026-04-06 19:21:44.104332;A.10.1.C;Cryptographic Controls;Detect Customer Master Keys (CMKs) scheduled for deletion;A.10 Cryptography;A.10.1.C;Cryptographic Controls;Detect Customer Master Keys (CMKs) scheduled for deletion;FAIL;No CloudWatch log groups found with metric filters or alarms associated.;arn:aws:logs:eu-north-1:334960985321:log-group;cloudwatch_log_metric_filter_disable_or_scheduled_deletion_of_kms_cmk;False;334960985321;ISO27001;ISO/IEC 27001 Information Security Management Standard 2013
aws;ISO (the International Organization for Standardization) and IEC (the International Electrotechnical Commission) form the specialized system for worldwide standardization. National bodies that are members of ISO or IEC participate in the development of International Standards through technical committees established by the respective organization to deal with particular fields of technical activity. ISO and IEC technical committees collaborate in fields of mutual interest. Other international organizations, governmental and non-governmental, in liaison with ISO and IEC, also take part in the work.;334960985321;eu-north-1;2026-04-06 19:21:44.104332;A.12.4.H;Logging and Monitoring;Ensure a log metric filter and alarm exist for disabling or scheduled deletion of customer created CMKs;A.12 Operations Security;A.12.4.H;Logging and Monitoring;Ensure a log metric filter and alarm exist for disabling or scheduled deletion of customer created CMKs;FAIL;No CloudWatch log groups found with metric filters or alarms associated.;arn:aws:logs:eu-north-1:334960985321:log-group;cloudwatch_log_metric_filter_disable_or_scheduled_deletion_of_kms_cmk;False;334960985321;ISO27001;ISO/IEC 27001 Information Security Management Standard 2013
aws;ISO (the International Organization for Standardization) and IEC (the International Electrotechnical Commission) form the specialized system for worldwide standardization. National bodies that are members of ISO or IEC participate in the development of International Standards through technical committees established by the respective organization to deal with particular fields of technical activity. ISO and IEC technical committees collaborate in fields of mutual interest. Other international organizations, governmental and non-governmental, in liaison with ISO and IEC, also take part in the work.;334960985321;eu-north-1;2026-04-06 19:21:44.104332;A.12.4.G;Logging and Monitoring;Ensure a log metric filter and alarm exist for S3 bucket policy changes;A.12 Operations Security;A.12.4.G;Logging and Monitoring;Ensure a log metric filter and alarm exist for S3 bucket policy changes;FAIL;No CloudWatch log groups found with metric filters or alarms associated.;arn:aws:logs:eu-north-1:334960985321:log-group;cloudwatch_log_metric_filter_for_s3_bucket_policy_changes;False;334960985321;ISO27001;ISO/IEC 27001 Information Security Management Standard 2013
aws;ISO (the International Organization for Standardization) and IEC (the International Electrotechnical Commission) form the specialized system for worldwide standardization. National bodies that are members of ISO or IEC participate in the development of International Standards through technical committees established by the respective organization to deal with particular fields of technical activity. ISO and IEC technical committees collaborate in fields of mutual interest. Other international organizations, governmental and non-governmental, in liaison with ISO and IEC, also take part in the work.;334960985321;eu-north-1;2026-04-06 19:21:44.104332;A.12.4.K;Logging and Monitoring;Ensure a log metric filter and alarm exist for IAM policy changes;A.12 Operations Security;A.12.4.K;Logging and Monitoring;Ensure a log metric filter and alarm exist for IAM policy changes;FAIL;No CloudWatch log groups found with metric filters or alarms associated.;arn:aws:logs:eu-north-1:334960985321:log-group;cloudwatch_log_metric_filter_policy_changes;False;334960985321;ISO27001;ISO/IEC 27001 Information Security Management Standard 2013
aws;ISO (the International Organization for Standardization) and IEC (the International Electrotechnical Commission) form the specialized system for worldwide standardization. National bodies that are members of ISO or IEC participate in the development of International Standards through technical committees established by the respective organization to deal with particular fields of technical activity. ISO and IEC technical committees collaborate in fields of mutual interest. Other international organizations, governmental and non-governmental, in liaison with ISO and IEC, also take part in the work.;334960985321;eu-north-1;2026-04-06 19:21:44.104332;A.12.4.L;Logging and Monitoring;Ensure a log metric filter and alarm exist for usage of root account;A.12 Operations Security;A.12.4.L;Logging and Monitoring;Ensure a log metric filter and alarm exist for usage of root account;FAIL;No CloudWatch log groups found with metric filters or alarms associated.;arn:aws:logs:eu-north-1:334960985321:log-group;cloudwatch_log_metric_filter_root_usage;False;334960985321;ISO27001;ISO/IEC 27001 Information Security Management Standard 2013
aws;ISO (the International Organization for Standardization) and IEC (the International Electrotechnical Commission) form the specialized system for worldwide standardization. National bodies that are members of ISO or IEC participate in the development of International Standards through technical committees established by the respective organization to deal with particular fields of technical activity. ISO and IEC technical committees collaborate in fields of mutual interest. Other international organizations, governmental and non-governmental, in liaison with ISO and IEC, also take part in the work.;334960985321;eu-north-1;2026-04-06 19:21:44.104332;A.12.4.E;Logging and Monitoring;Ensure a log metric filter and alarm exist for security group changes;A.12 Operations Security;A.12.4.E;Logging and Monitoring;Ensure a log metric filter and alarm exist for security group changes;FAIL;No CloudWatch log groups found with metric filters or alarms associated.;arn:aws:logs:eu-north-1:334960985321:log-group;cloudwatch_log_metric_filter_security_group_changes;False;334960985321;ISO27001;ISO/IEC 27001 Information Security Management Standard 2013
aws;ISO (the International Organization for Standardization) and IEC (the International Electrotechnical Commission) form the specialized system for worldwide standardization. National bodies that are members of ISO or IEC participate in the development of International Standards through technical committees established by the respective organization to deal with particular fields of technical activity. ISO and IEC technical committees collaborate in fields of mutual interest. Other international organizations, governmental and non-governmental, in liaison with ISO and IEC, also take part in the work.;334960985321;eu-north-1;2026-04-06 19:21:44.104332;A.12.4.M;Logging and Monitoring;Ensure a log metric filter and alarm exist for Management Console sign-in without MFA;A.12 Operations Security;A.12.4.M;Logging and Monitoring;Ensure a log metric filter and alarm exist for Management Console sign-in without MFA;FAIL;No CloudWatch log groups found with metric filters or alarms associated.;arn:aws:logs:eu-north-1:334960985321:log-group;cloudwatch_log_metric_filter_sign_in_without_mfa;False;334960985321;ISO27001;ISO/IEC 27001 Information Security Management Standard 2013
aws;ISO (the International Organization for Standardization) and IEC (the International Electrotechnical Commission) form the specialized system for worldwide standardization. National bodies that are members of ISO or IEC participate in the development of International Standards through technical committees established by the respective organization to deal with particular fields of technical activity. ISO and IEC technical committees collaborate in fields of mutual interest. Other international organizations, governmental and non-governmental, in liaison with ISO and IEC, also take part in the work.;334960985321;eu-north-1;2026-04-06 19:21:44.104332;A.12.4.N;Logging and Monitoring;Ensure a log metric filter and alarm exist for unauthorized API calls;A.12 Operations Security;A.12.4.N;Logging and Monitoring;Ensure a log metric filter and alarm exist for unauthorized API calls;FAIL;No CloudWatch log groups found with metric filters or alarms associated.;arn:aws:logs:eu-north-1:334960985321:log-group;cloudwatch_log_metric_filter_unauthorized_api_calls;False;334960985321;ISO27001;ISO/IEC 27001 Information Security Management Standard 2013
aws;ISO (the International Organization for Standardization) and IEC (the International Electrotechnical Commission) form the specialized system for worldwide standardization. National bodies that are members of ISO or IEC participate in the development of International Standards through technical committees established by the respective organization to deal with particular fields of technical activity. ISO and IEC technical committees collaborate in fields of mutual interest. Other international organizations, governmental and non-governmental, in liaison with ISO and IEC, also take part in the work.;334960985321;eu-north-1;2026-04-06 19:21:44.104332;A.12.4.P;Logging and Monitoring;Ensure AWS Config is enabled in all regions;A.12 Operations Security;A.12.4.P;Logging and Monitoring;Ensure AWS Config is enabled in all regions;FAIL;AWS Config recorder 334960985321 is disabled.;arn:aws:config:eu-north-1:334960985321:recorder;config_recorder_all_regions_enabled;False;334960985321;ISO27001;ISO/IEC 27001 Information Security Management Standard 2013
aws;ISO (the International Organization for Standardization) and IEC (the International Electrotechnical Commission) form the specialized system for worldwide standardization. National bodies that are members of ISO or IEC participate in the development of International Standards through technical committees established by the respective organization to deal with particular fields of technical activity. ISO and IEC technical committees collaborate in fields of mutual interest. Other international organizations, governmental and non-governmental, in liaison with ISO and IEC, also take part in the work.;334960985321;eu-north-1;2026-04-06 19:21:44.104332;A.12.6.C;Technical Vulnerability Management;Ensure no security groups allow ingress from 0.0.0.0/0 to port 22;A.12 Operations Security;A.12.6.C;Technical Vulnerability Management;Ensure no security groups allow ingress from 0.0.0.0/0 to port 22;FAIL;Security group launch-wizard-8 (sg-093d3f8eb64dbbc44) has SSH port 22 open to the Internet.;arn:aws:ec2:eu-north-1:334960985321:security-group/sg-093d3f8eb64dbbc44;ec2_securitygroup_allow_ingress_from_internet_to_tcp_port_22;False;sg-093d3f8eb64dbbc44;ISO27001;ISO/IEC 27001 Information Security Management Standard 2013
aws;ISO (the International Organization for Standardization) and IEC (the International Electrotechnical Commission) form the specialized system for worldwide standardization. National bodies that are members of ISO or IEC participate in the development of International Standards through technical committees established by the respective organization to deal with particular fields of technical activity. ISO and IEC technical committees collaborate in fields of mutual interest. Other international organizations, governmental and non-governmental, in liaison with ISO and IEC, also take part in the work.;334960985321;eu-north-1;2026-04-06 19:21:44.104332;A.13.1.C;Network Security Management;Ensure no security groups allow ingress from 0.0.0.0/0 to port 22;A.13 Communications Security;A.13.1.C;Network Security Management;Ensure no security groups allow ingress from 0.0.0.0/0 to port 22;FAIL;Security group launch-wizard-8 (sg-093d3f8eb64dbbc44) has SSH port 22 open to the Internet.;arn:aws:ec2:eu-north-1:334960985321:security-group/sg-093d3f8eb64dbbc44;ec2_securitygroup_allow_ingress_from_internet_to_tcp_port_22;False;sg-093d3f8eb64dbbc44;ISO27001;ISO/IEC 27001 Information Security Management Standard 2013
aws;ISO (the International Organization for Standardization) and IEC (the International Electrotechnical Commission) form the specialized system for worldwide standardization. National bodies that are members of ISO or IEC participate in the development of International Standards through technical committees established by the respective organization to deal with particular fields of technical activity. ISO and IEC technical committees collaborate in fields of mutual interest. Other international organizations, governmental and non-governmental, in liaison with ISO and IEC, also take part in the work.;334960985321;eu-north-1;2026-04-06 19:21:44.104332;A.12.6.B;Technical Vulnerability Management;Ensure no security groups allow ingress from 0.0.0.0/0 to port 3389;A.12 Operations Security;A.12.6.B;Technical Vulnerability Management;Ensure no security groups allow ingress from 0.0.0.0/0 to port 3389;PASS;Security group launch-wizard-8 (sg-093d3f8eb64dbbc44) does not have Microsoft RDP port 3389 open to the Internet.;arn:aws:ec2:eu-north-1:334960985321:security-group/sg-093d3f8eb64dbbc44;ec2_securitygroup_allow_ingress_from_internet_to_tcp_port_3389;False;sg-093d3f8eb64dbbc44;ISO27001;ISO/IEC 27001 Information Security Management Standard 2013
aws;ISO (the International Organization for Standardization) and IEC (the International Electrotechnical Commission) form the specialized system for worldwide standardization. National bodies that are members of ISO or IEC participate in the development of International Standards through technical committees established by the respective organization to deal with particular fields of technical activity. ISO and IEC technical committees collaborate in fields of mutual interest. Other international organizations, governmental and non-governmental, in liaison with ISO and IEC, also take part in the work.;334960985321;eu-north-1;2026-04-06 19:21:44.104332;A.13.1.B;Network Security Management;Ensure no security groups allow ingress from 0.0.0.0/0 to port 3389;A.13 Communications Security;A.13.1.B;Network Security Management;Ensure no security groups allow ingress from 0.0.0.0/0 to port 3389;PASS;Security group launch-wizard-8 (sg-093d3f8eb64dbbc44) does not have Microsoft RDP port 3389 open to the Internet.;arn:aws:ec2:eu-north-1:334960985321:security-group/sg-093d3f8eb64dbbc44;ec2_securitygroup_allow_ingress_from_internet_to_tcp_port_3389;False;sg-093d3f8eb64dbbc44;ISO27001;ISO/IEC 27001 Information Security Management Standard 2013
aws;ISO (the International Organization for Standardization) and IEC (the International Electrotechnical Commission) form the specialized system for worldwide standardization. National bodies that are members of ISO or IEC participate in the development of International Standards through technical committees established by the respective organization to deal with particular fields of technical activity. ISO and IEC technical committees collaborate in fields of mutual interest. Other international organizations, governmental and non-governmental, in liaison with ISO and IEC, also take part in the work.;334960985321;eu-north-1;2026-04-06 19:21:44.104332;A.9.2.H;User Access Management;Avoid the use of the 'root' account;A.9 Access Control;A.9.2.H;User Access Management;Avoid the use of the 'root' account;FAIL;Root user in the account was last accessed 0 days ago.;arn:aws:iam::334960985321:root;iam_avoid_root_usage;False;<root_account>;ISO27001;ISO/IEC 27001 Information Security Management Standard 2013
aws;ISO (the International Organization for Standardization) and IEC (the International Electrotechnical Commission) form the specialized system for worldwide standardization. National bodies that are members of ISO or IEC participate in the development of International Standards through technical committees established by the respective organization to deal with particular fields of technical activity. ISO and IEC technical committees collaborate in fields of mutual interest. Other international organizations, governmental and non-governmental, in liaison with ISO and IEC, also take part in the work.;334960985321;eu-north-1;2026-04-06 19:21:44.104332;A.9.4.H;System and Application Access Control;Avoid the use of the 'root' account;A.9 Access Control;A.9.4.H;System and Application Access Control;Avoid the use of the 'root' account;FAIL;Root user in the account was last accessed 0 days ago.;arn:aws:iam::334960985321:root;iam_avoid_root_usage;False;<root_account>;ISO27001;ISO/IEC 27001 Information Security Management Standard 2013
aws;ISO (the International Organization for Standardization) and IEC (the International Electrotechnical Commission) form the specialized system for worldwide standardization. National bodies that are members of ISO or IEC participate in the development of International Standards through technical committees established by the respective organization to deal with particular fields of technical activity. ISO and IEC technical committees collaborate in fields of mutual interest. Other international organizations, governmental and non-governmental, in liaison with ISO and IEC, also take part in the work.;334960985321;eu-north-1;2026-04-06 19:21:44.104332;A.9.2.N;User Access Management;Ensure no root account access key exists;A.9 Access Control;A.9.2.N;User Access Management;Ensure no root account access key exists;PASS;Root account does not have access keys.;arn:aws:iam::334960985321:root;iam_no_root_access_key;False;<root_account>;ISO27001;ISO/IEC 27001 Information Security Management Standard 2013
aws;ISO (the International Organization for Standardization) and IEC (the International Electrotechnical Commission) form the specialized system for worldwide standardization. National bodies that are members of ISO or IEC participate in the development of International Standards through technical committees established by the respective organization to deal with particular fields of technical activity. ISO and IEC technical committees collaborate in fields of mutual interest. Other international organizations, governmental and non-governmental, in liaison with ISO and IEC, also take part in the work.;334960985321;eu-north-1;2026-04-06 19:21:44.104332;A.9.4.N;System and Application Access Control;Ensure no root account access key exists;A.9 Access Control;A.9.4.N;System and Application Access Control;Ensure no root account access key exists;PASS;Root account does not have access keys.;arn:aws:iam::334960985321:root;iam_no_root_access_key;False;<root_account>;ISO27001;ISO/IEC 27001 Information Security Management Standard 2013
aws;ISO (the International Organization for Standardization) and IEC (the International Electrotechnical Commission) form the specialized system for worldwide standardization. National bodies that are members of ISO or IEC participate in the development of International Standards through technical committees established by the respective organization to deal with particular fields of technical activity. ISO and IEC technical committees collaborate in fields of mutual interest. Other international organizations, governmental and non-governmental, in liaison with ISO and IEC, also take part in the work.;334960985321;eu-north-1;2026-04-06 19:21:44.104332;A.9.2.A;User Access Management;Ensure IAM password policy expires passwords within 90 days or less;A.9 Access Control;A.9.2.A;User Access Management;Ensure IAM password policy expires passwords within 90 days or less;FAIL;Password expiration is not set.;arn:aws:iam:eu-north-1:334960985321:password-policy;iam_password_policy_expires_passwords_within_90_days_or_less;False;334960985321;ISO27001;ISO/IEC 27001 Information Security Management Standard 2013
aws;ISO (the International Organization for Standardization) and IEC (the International Electrotechnical Commission) form the specialized system for worldwide standardization. National bodies that are members of ISO or IEC participate in the development of International Standards through technical committees established by the respective organization to deal with particular fields of technical activity. ISO and IEC technical committees collaborate in fields of mutual interest. Other international organizations, governmental and non-governmental, in liaison with ISO and IEC, also take part in the work.;334960985321;eu-north-1;2026-04-06 19:21:44.104332;A.9.3.A;User Responsibilities;Ensure IAM password policy expires passwords within 90 days or less;A.9 Access Control;A.9.3.A;User Responsibilities;Ensure IAM password policy expires passwords within 90 days or less;FAIL;Password expiration is not set.;arn:aws:iam:eu-north-1:334960985321:password-policy;iam_password_policy_expires_passwords_within_90_days_or_less;False;334960985321;ISO27001;ISO/IEC 27001 Information Security Management Standard 2013
aws;ISO (the International Organization for Standardization) and IEC (the International Electrotechnical Commission) form the specialized system for worldwide standardization. National bodies that are members of ISO or IEC participate in the development of International Standards through technical committees established by the respective organization to deal with particular fields of technical activity. ISO and IEC technical committees collaborate in fields of mutual interest. Other international organizations, governmental and non-governmental, in liaison with ISO and IEC, also take part in the work.;334960985321;eu-north-1;2026-04-06 19:21:44.104332;A.9.4.A;System and Application Access Control;Ensure IAM password policy expires passwords within 90 days or less;A.9 Access Control;A.9.4.A;System and Application Access Control;Ensure IAM password policy expires passwords within 90 days or less;FAIL;Password expiration is not set.;arn:aws:iam:eu-north-1:334960985321:password-policy;iam_password_policy_expires_passwords_within_90_days_or_less;False;334960985321;ISO27001;ISO/IEC 27001 Information Security Management Standard 2013
aws;ISO (the International Organization for Standardization) and IEC (the International Electrotechnical Commission) form the specialized system for worldwide standardization. National bodies that are members of ISO or IEC participate in the development of International Standards through technical committees established by the respective organization to deal with particular fields of technical activity. ISO and IEC technical committees collaborate in fields of mutual interest. Other international organizations, governmental and non-governmental, in liaison with ISO and IEC, also take part in the work.;334960985321;eu-north-1;2026-04-06 19:21:44.104332;A.9.2.F;User Access Management;Ensure IAM password policy require at least one lowercase letter;A.9 Access Control;A.9.2.F;User Access Management;Ensure IAM password policy require at least one lowercase letter;FAIL;IAM password policy does not require at least one lowercase letter.;arn:aws:iam:eu-north-1:334960985321:password-policy;iam_password_policy_lowercase;False;334960985321;ISO27001;ISO/IEC 27001 Information Security Management Standard 2013
aws;ISO (the International Organization for Standardization) and IEC (the International Electrotechnical Commission) form the specialized system for worldwide standardization. National bodies that are members of ISO or IEC participate in the development of International Standards through technical committees established by the respective organization to deal with particular fields of technical activity. ISO and IEC technical committees collaborate in fields of mutual interest. Other international organizations, governmental and non-governmental, in liaison with ISO and IEC, also take part in the work.;334960985321;eu-north-1;2026-04-06 19:21:44.104332;A.9.3.F;User Responsibilities;Ensure IAM password policy require at least one lowercase letter;A.9 Access Control;A.9.3.F;User Responsibilities;Ensure IAM password policy require at least one lowercase letter;FAIL;IAM password policy does not require at least one lowercase letter.;arn:aws:iam:eu-north-1:334960985321:password-policy;iam_password_policy_lowercase;False;334960985321;ISO27001;ISO/IEC 27001 Information Security Management Standard 2013
aws;ISO (the International Organization for Standardization) and IEC (the International Electrotechnical Commission) form the specialized system for worldwide standardization. National bodies that are members of ISO or IEC participate in the development of International Standards through technical committees established by the respective organization to deal with particular fields of technical activity. ISO and IEC technical committees collaborate in fields of mutual interest. Other international organizations, governmental and non-governmental, in liaison with ISO and IEC, also take part in the work.;334960985321;eu-north-1;2026-04-06 19:21:44.104332;A.9.4.F;System and Application Access Control;Ensure IAM password policy require at least one lowercase letter;A.9 Access Control;A.9.4.F;System and Application Access Control;Ensure IAM password policy require at least one lowercase letter;FAIL;IAM password policy does not require at least one lowercase letter.;arn:aws:iam:eu-north-1:334960985321:password-policy;iam_password_policy_lowercase;False;334960985321;ISO27001;ISO/IEC 27001 Information Security Management Standard 2013
aws;ISO (the International Organization for Standardization) and IEC (the International Electrotechnical Commission) form the specialized system for worldwide standardization. National bodies that are members of ISO or IEC participate in the development of International Standards through technical committees established by the respective organization to deal with particular fields of technical activity. ISO and IEC technical committees collaborate in fields of mutual interest. Other international organizations, governmental and non-governmental, in liaison with ISO and IEC, also take part in the work.;334960985321;eu-north-1;2026-04-06 19:21:44.104332;A.9.2.C;User Access Management;Ensure IAM password policy requires minimum length of 14 or greater;A.9 Access Control;A.9.2.C;User Access Management;Ensure IAM password policy requires minimum length of 14 or greater;FAIL;IAM password policy does not require minimum length of 14 characters.;arn:aws:iam:eu-north-1:334960985321:password-policy;iam_password_policy_minimum_length_14;False;334960985321;ISO27001;ISO/IEC 27001 Information Security Management Standard 2013
aws;ISO (the International Organization for Standardization) and IEC (the International Electrotechnical Commission) form the specialized system for worldwide standardization. National bodies that are members of ISO or IEC participate in the development of International Standards through technical committees established by the respective organization to deal with particular fields of technical activity. ISO and IEC technical committees collaborate in fields of mutual interest. Other international organizations, governmental and non-governmental, in liaison with ISO and IEC, also take part in the work.;334960985321;eu-north-1;2026-04-06 19:21:44.104332;A.9.3.C;User Responsibilities;Ensure IAM password policy requires minimum length of 14 or greater;A.9 Access Control;A.9.3.C;User Responsibilities;Ensure IAM password policy requires minimum length of 14 or greater;FAIL;IAM password policy does not require minimum length of 14 characters.;arn:aws:iam:eu-north-1:334960985321:password-policy;iam_password_policy_minimum_length_14;False;334960985321;ISO27001;ISO/IEC 27001 Information Security Management Standard 2013
aws;ISO (the International Organization for Standardization) and IEC (the International Electrotechnical Commission) form the specialized system for worldwide standardization. National bodies that are members of ISO or IEC participate in the development of International Standards through technical committees established by the respective organization to deal with particular fields of technical activity. ISO and IEC technical committees collaborate in fields of mutual interest. Other international organizations, governmental and non-governmental, in liaison with ISO and IEC, also take part in the work.;334960985321;eu-north-1;2026-04-06 19:21:44.104332;A.9.4.C;System and Application Access Control;Ensure IAM password policy requires minimum length of 14 or greater;A.9 Access Control;A.9.4.C;System and Application Access Control;Ensure IAM password policy requires minimum length of 14 or greater;FAIL;IAM password policy does not require minimum length of 14 characters.;arn:aws:iam:eu-north-1:334960985321:password-policy;iam_password_policy_minimum_length_14;False;334960985321;ISO27001;ISO/IEC 27001 Information Security Management Standard 2013
aws;ISO (the International Organization for Standardization) and IEC (the International Electrotechnical Commission) form the specialized system for worldwide standardization. National bodies that are members of ISO or IEC participate in the development of International Standards through technical committees established by the respective organization to deal with particular fields of technical activity. ISO and IEC technical committees collaborate in fields of mutual interest. Other international organizations, governmental and non-governmental, in liaison with ISO and IEC, also take part in the work.;334960985321;eu-north-1;2026-04-06 19:21:44.104332;A.9.2.D;User Access Management;Ensure IAM password policy require at least one number;A.9 Access Control;A.9.2.D;User Access Management;Ensure IAM password policy require at least one number;FAIL;IAM password policy does not require at least one number.;arn:aws:iam:eu-north-1:334960985321:password-policy;iam_password_policy_number;False;334960985321;ISO27001;ISO/IEC 27001 Information Security Management Standard 2013
aws;ISO (the International Organization for Standardization) and IEC (the International Electrotechnical Commission) form the specialized system for worldwide standardization. National bodies that are members of ISO or IEC participate in the development of International Standards through technical committees established by the respective organization to deal with particular fields of technical activity. ISO and IEC technical committees collaborate in fields of mutual interest. Other international organizations, governmental and non-governmental, in liaison with ISO and IEC, also take part in the work.;334960985321;eu-north-1;2026-04-06 19:21:44.104332;A.9.3.D;User Responsibilities;Ensure IAM password policy require at least one number;A.9 Access Control;A.9.3.D;User Responsibilities;Ensure IAM password policy require at least one number;FAIL;IAM password policy does not require at least one number.;arn:aws:iam:eu-north-1:334960985321:password-policy;iam_password_policy_number;False;334960985321;ISO27001;ISO/IEC 27001 Information Security Management Standard 2013
aws;ISO (the International Organization for Standardization) and IEC (the International Electrotechnical Commission) form the specialized system for worldwide standardization. National bodies that are members of ISO or IEC participate in the development of International Standards through technical committees established by the respective organization to deal with particular fields of technical activity. ISO and IEC technical committees collaborate in fields of mutual interest. Other international organizations, governmental and non-governmental, in liaison with ISO and IEC, also take part in the work.;334960985321;eu-north-1;2026-04-06 19:21:44.104332;A.9.4.D;System and Application Access Control;Ensure IAM password policy require at least one number;A.9 Access Control;A.9.4.D;System and Application Access Control;Ensure IAM password policy require at least one number;FAIL;IAM password policy does not require at least one number.;arn:aws:iam:eu-north-1:334960985321:password-policy;iam_password_policy_number;False;334960985321;ISO27001;ISO/IEC 27001 Information Security Management Standard 2013
aws;ISO (the International Organization for Standardization) and IEC (the International Electrotechnical Commission) form the specialized system for worldwide standardization. National bodies that are members of ISO or IEC participate in the development of International Standards through technical committees established by the respective organization to deal with particular fields of technical activity. ISO and IEC technical committees collaborate in fields of mutual interest. Other international organizations, governmental and non-governmental, in liaison with ISO and IEC, also take part in the work.;334960985321;eu-north-1;2026-04-06 19:21:44.104332;A.9.2.B;User Access Management;Ensure IAM password policy prevents password reuse;A.9 Access Control;A.9.2.B;User Access Management;Ensure IAM password policy prevents password reuse;FAIL;IAM password policy reuse prevention is less than 24 or not set.;arn:aws:iam:eu-north-1:334960985321:password-policy;iam_password_policy_reuse_24;False;334960985321;ISO27001;ISO/IEC 27001 Information Security Management Standard 2013
aws;ISO (the International Organization for Standardization) and IEC (the International Electrotechnical Commission) form the specialized system for worldwide standardization. National bodies that are members of ISO or IEC participate in the development of International Standards through technical committees established by the respective organization to deal with particular fields of technical activity. ISO and IEC technical committees collaborate in fields of mutual interest. Other international organizations, governmental and non-governmental, in liaison with ISO and IEC, also take part in the work.;334960985321;eu-north-1;2026-04-06 19:21:44.104332;A.9.3.B;User Responsibilities;Ensure IAM password policy prevents password reuse;A.9 Access Control;A.9.3.B;User Responsibilities;Ensure IAM password policy prevents password reuse;FAIL;IAM password policy reuse prevention is less than 24 or not set.;arn:aws:iam:eu-north-1:334960985321:password-policy;iam_password_policy_reuse_24;False;334960985321;ISO27001;ISO/IEC 27001 Information Security Management Standard 2013
aws;ISO (the International Organization for Standardization) and IEC (the International Electrotechnical Commission) form the specialized system for worldwide standardization. National bodies that are members of ISO or IEC participate in the development of International Standards through technical committees established by the respective organization to deal with particular fields of technical activity. ISO and IEC technical committees collaborate in fields of mutual interest. Other international organizations, governmental and non-governmental, in liaison with ISO and IEC, also take part in the work.;334960985321;eu-north-1;2026-04-06 19:21:44.104332;A.9.4.B;System and Application Access Control;Ensure IAM password policy prevents password reuse;A.9 Access Control;A.9.4.B;System and Application Access Control;Ensure IAM password policy prevents password reuse;FAIL;IAM password policy reuse prevention is less than 24 or not set.;arn:aws:iam:eu-north-1:334960985321:password-policy;iam_password_policy_reuse_24;False;334960985321;ISO27001;ISO/IEC 27001 Information Security Management Standard 2013
aws;ISO (the International Organization for Standardization) and IEC (the International Electrotechnical Commission) form the specialized system for worldwide standardization. National bodies that are members of ISO or IEC participate in the development of International Standards through technical committees established by the respective organization to deal with particular fields of technical activity. ISO and IEC technical committees collaborate in fields of mutual interest. Other international organizations, governmental and non-governmental, in liaison with ISO and IEC, also take part in the work.;334960985321;eu-north-1;2026-04-06 19:21:44.104332;A.9.2.E;User Access Management;Ensure IAM password policy require at least one symbol;A.9 Access Control;A.9.2.E;User Access Management;Ensure IAM password policy require at least one symbol;FAIL;IAM password policy does not require at least one symbol.;arn:aws:iam:eu-north-1:334960985321:password-policy;iam_password_policy_symbol;False;334960985321;ISO27001;ISO/IEC 27001 Information Security Management Standard 2013
aws;ISO (the International Organization for Standardization) and IEC (the International Electrotechnical Commission) form the specialized system for worldwide standardization. National bodies that are members of ISO or IEC participate in the development of International Standards through technical committees established by the respective organization to deal with particular fields of technical activity. ISO and IEC technical committees collaborate in fields of mutual interest. Other international organizations, governmental and non-governmental, in liaison with ISO and IEC, also take part in the work.;334960985321;eu-north-1;2026-04-06 19:21:44.104332;A.9.3.E;User Responsibilities;Ensure IAM password policy require at least one symbol;A.9 Access Control;A.9.3.E;User Responsibilities;Ensure IAM password policy require at least one symbol;FAIL;IAM password policy does not require at least one symbol.;arn:aws:iam:eu-north-1:334960985321:password-policy;iam_password_policy_symbol;False;334960985321;ISO27001;ISO/IEC 27001 Information Security Management Standard 2013
aws;ISO (the International Organization for Standardization) and IEC (the International Electrotechnical Commission) form the specialized system for worldwide standardization. National bodies that are members of ISO or IEC participate in the development of International Standards through technical committees established by the respective organization to deal with particular fields of technical activity. ISO and IEC technical committees collaborate in fields of mutual interest. Other international organizations, governmental and non-governmental, in liaison with ISO and IEC, also take part in the work.;334960985321;eu-north-1;2026-04-06 19:21:44.104332;A.9.4.E;System and Application Access Control;Ensure IAM password policy require at least one symbol;A.9 Access Control;A.9.4.E;System and Application Access Control;Ensure IAM password policy require at least one symbol;FAIL;IAM password policy does not require at least one symbol.;arn:aws:iam:eu-north-1:334960985321:password-policy;iam_password_policy_symbol;False;334960985321;ISO27001;ISO/IEC 27001 Information Security Management Standard 2013
aws;ISO (the International Organization for Standardization) and IEC (the International Electrotechnical Commission) form the specialized system for worldwide standardization. National bodies that are members of ISO or IEC participate in the development of International Standards through technical committees established by the respective organization to deal with particular fields of technical activity. ISO and IEC technical committees collaborate in fields of mutual interest. Other international organizations, governmental and non-governmental, in liaison with ISO and IEC, also take part in the work.;334960985321;eu-north-1;2026-04-06 19:21:44.104332;A.9.2.G;User Access Management;Ensure IAM password policy requires at least one uppercase letter;A.9 Access Control;A.9.2.G;User Access Management;Ensure IAM password policy requires at least one uppercase letter;FAIL;IAM password policy does not require at least one uppercase letter.;arn:aws:iam:eu-north-1:334960985321:password-policy;iam_password_policy_uppercase;False;334960985321;ISO27001;ISO/IEC 27001 Information Security Management Standard 2013
aws;ISO (the International Organization for Standardization) and IEC (the International Electrotechnical Commission) form the specialized system for worldwide standardization. National bodies that are members of ISO or IEC participate in the development of International Standards through technical committees established by the respective organization to deal with particular fields of technical activity. ISO and IEC technical committees collaborate in fields of mutual interest. Other international organizations, governmental and non-governmental, in liaison with ISO and IEC, also take part in the work.;334960985321;eu-north-1;2026-04-06 19:21:44.104332;A.9.3.G;User Responsibilities;Ensure IAM password policy requires at least one uppercase letter;A.9 Access Control;A.9.3.G;User Responsibilities;Ensure IAM password policy requires at least one uppercase letter;FAIL;IAM password policy does not require at least one uppercase letter.;arn:aws:iam:eu-north-1:334960985321:password-policy;iam_password_policy_uppercase;False;334960985321;ISO27001;ISO/IEC 27001 Information Security Management Standard 2013
aws;ISO (the International Organization for Standardization) and IEC (the International Electrotechnical Commission) form the specialized system for worldwide standardization. National bodies that are members of ISO or IEC participate in the development of International Standards through technical committees established by the respective organization to deal with particular fields of technical activity. ISO and IEC technical committees collaborate in fields of mutual interest. Other international organizations, governmental and non-governmental, in liaison with ISO and IEC, also take part in the work.;334960985321;eu-north-1;2026-04-06 19:21:44.104332;A.9.4.G;System and Application Access Control;Ensure IAM password policy requires at least one uppercase letter;A.9 Access Control;A.9.4.G;System and Application Access Control;Ensure IAM password policy requires at least one uppercase letter;FAIL;IAM password policy does not require at least one uppercase letter.;arn:aws:iam:eu-north-1:334960985321:password-policy;iam_password_policy_uppercase;False;334960985321;ISO27001;ISO/IEC 27001 Information Security Management Standard 2013
aws;ISO (the International Organization for Standardization) and IEC (the International Electrotechnical Commission) form the specialized system for worldwide standardization. National bodies that are members of ISO or IEC participate in the development of International Standards through technical committees established by the respective organization to deal with particular fields of technical activity. ISO and IEC technical committees collaborate in fields of mutual interest. Other international organizations, governmental and non-governmental, in liaison with ISO and IEC, also take part in the work.;334960985321;eu-north-1;2026-04-06 19:21:44.104332;A.9.2.I;User Access Management;Ensure IAM policies are attached only to groups or roles;A.9 Access Control;A.9.2.I;User Access Management;Ensure IAM policies are attached only to groups or roles;PASS;User hussain has no inline or attached policies.;arn:aws:iam::334960985321:user/hussain;iam_policy_attached_only_to_group_or_roles;False;hussain;ISO27001;ISO/IEC 27001 Information Security Management Standard 2013
aws;ISO (the International Organization for Standardization) and IEC (the International Electrotechnical Commission) form the specialized system for worldwide standardization. National bodies that are members of ISO or IEC participate in the development of International Standards through technical committees established by the respective organization to deal with particular fields of technical activity. ISO and IEC technical committees collaborate in fields of mutual interest. Other international organizations, governmental and non-governmental, in liaison with ISO and IEC, also take part in the work.;334960985321;eu-north-1;2026-04-06 19:21:44.104332;A.9.4.I;System and Application Access Control;Ensure IAM policies are attached only to groups or roles;A.9 Access Control;A.9.4.I;System and Application Access Control;Ensure IAM policies are attached only to groups or roles;PASS;User hussain has no inline or attached policies.;arn:aws:iam::334960985321:user/hussain;iam_policy_attached_only_to_group_or_roles;False;hussain;ISO27001;ISO/IEC 27001 Information Security Management Standard 2013
aws;ISO (the International Organization for Standardization) and IEC (the International Electrotechnical Commission) form the specialized system for worldwide standardization. National bodies that are members of ISO or IEC participate in the development of International Standards through technical committees established by the respective organization to deal with particular fields of technical activity. ISO and IEC technical committees collaborate in fields of mutual interest. Other international organizations, governmental and non-governmental, in liaison with ISO and IEC, also take part in the work.;334960985321;eu-north-1;2026-04-06 19:21:44.104332;A.9.2.I;User Access Management;Ensure IAM policies are attached only to groups or roles;A.9 Access Control;A.9.2.I;User Access Management;Ensure IAM policies are attached only to groups or roles;FAIL;User sec-user has the policy ViewOnlyAccess attached.;arn:aws:iam::334960985321:user/sec-user;iam_policy_attached_only_to_group_or_roles;False;sec-user/ViewOnlyAccess;ISO27001;ISO/IEC 27001 Information Security Management Standard 2013
aws;ISO (the International Organization for Standardization) and IEC (the International Electrotechnical Commission) form the specialized system for worldwide standardization. National bodies that are members of ISO or IEC participate in the development of International Standards through technical committees established by the respective organization to deal with particular fields of technical activity. ISO and IEC technical committees collaborate in fields of mutual interest. Other international organizations, governmental and non-governmental, in liaison with ISO and IEC, also take part in the work.;334960985321;eu-north-1;2026-04-06 19:21:44.104332;A.9.4.I;System and Application Access Control;Ensure IAM policies are attached only to groups or roles;A.9 Access Control;A.9.4.I;System and Application Access Control;Ensure IAM policies are attached only to groups or roles;FAIL;User sec-user has the policy ViewOnlyAccess attached.;arn:aws:iam::334960985321:user/sec-user;iam_policy_attached_only_to_group_or_roles;False;sec-user/ViewOnlyAccess;ISO27001;ISO/IEC 27001 Information Security Management Standard 2013
aws;ISO (the International Organization for Standardization) and IEC (the International Electrotechnical Commission) form the specialized system for worldwide standardization. National bodies that are members of ISO or IEC participate in the development of International Standards through technical committees established by the respective organization to deal with particular fields of technical activity. ISO and IEC technical committees collaborate in fields of mutual interest. Other international organizations, governmental and non-governmental, in liaison with ISO and IEC, also take part in the work.;334960985321;eu-north-1;2026-04-06 19:21:44.104332;A.9.2.I;User Access Management;Ensure IAM policies are attached only to groups or roles;A.9 Access Control;A.9.2.I;User Access Management;Ensure IAM policies are attached only to groups or roles;FAIL;User sec-user has the policy SecurityAudit attached.;arn:aws:iam::334960985321:user/sec-user;iam_policy_attached_only_to_group_or_roles;False;sec-user/SecurityAudit;ISO27001;ISO/IEC 27001 Information Security Management Standard 2013
aws;ISO (the International Organization for Standardization) and IEC (the International Electrotechnical Commission) form the specialized system for worldwide standardization. National bodies that are members of ISO or IEC participate in the development of International Standards through technical committees established by the respective organization to deal with particular fields of technical activity. ISO and IEC technical committees collaborate in fields of mutual interest. Other international organizations, governmental and non-governmental, in liaison with ISO and IEC, also take part in the work.;334960985321;eu-north-1;2026-04-06 19:21:44.104332;A.9.4.I;System and Application Access Control;Ensure IAM policies are attached only to groups or roles;A.9 Access Control;A.9.4.I;System and Application Access Control;Ensure IAM policies are attached only to groups or roles;FAIL;User sec-user has the policy SecurityAudit attached.;arn:aws:iam::334960985321:user/sec-user;iam_policy_attached_only_to_group_or_roles;False;sec-user/SecurityAudit;ISO27001;ISO/IEC 27001 Information Security Management Standard 2013
aws;ISO (the International Organization for Standardization) and IEC (the International Electrotechnical Commission) form the specialized system for worldwide standardization. National bodies that are members of ISO or IEC participate in the development of International Standards through technical committees established by the respective organization to deal with particular fields of technical activity. ISO and IEC technical committees collaborate in fields of mutual interest. Other international organizations, governmental and non-governmental, in liaison with ISO and IEC, also take part in the work.;334960985321;eu-north-1;2026-04-06 19:21:44.104332;A.9.2.K;User Access Management;Ensure MFA is enabled for the 'root' account;A.9 Access Control;A.9.2.K;User Access Management;Ensure MFA is enabled for the 'root' account;PASS;MFA is enabled for root account.;arn:aws:iam::334960985321:root;iam_root_mfa_enabled;False;<root_account>;ISO27001;ISO/IEC 27001 Information Security Management Standard 2013
aws;ISO (the International Organization for Standardization) and IEC (the International Electrotechnical Commission) form the specialized system for worldwide standardization. National bodies that are members of ISO or IEC participate in the development of International Standards through technical committees established by the respective organization to deal with particular fields of technical activity. ISO and IEC technical committees collaborate in fields of mutual interest. Other international organizations, governmental and non-governmental, in liaison with ISO and IEC, also take part in the work.;334960985321;eu-north-1;2026-04-06 19:21:44.104332;A.9.4.K;System and Application Access Control;Ensure MFA is enabled for the 'root' account;A.9 Access Control;A.9.4.K;System and Application Access Control;Ensure MFA is enabled for the 'root' account;PASS;MFA is enabled for root account.;arn:aws:iam::334960985321:root;iam_root_mfa_enabled;False;<root_account>;ISO27001;ISO/IEC 27001 Information Security Management Standard 2013
aws;ISO (the International Organization for Standardization) and IEC (the International Electrotechnical Commission) form the specialized system for worldwide standardization. National bodies that are members of ISO or IEC participate in the development of International Standards through technical committees established by the respective organization to deal with particular fields of technical activity. ISO and IEC technical committees collaborate in fields of mutual interest. Other international organizations, governmental and non-governmental, in liaison with ISO and IEC, also take part in the work.;334960985321;eu-north-1;2026-04-06 19:21:44.104332;A.9.2.L;User Access Management;Ensure access keys are rotated every 90 days or less;A.9 Access Control;A.9.2.L;User Access Management;Ensure access keys are rotated every 90 days or less;PASS;User <root_account> does not have access keys.;arn:aws:iam::334960985321:root;iam_rotate_access_key_90_days;False;<root_account>;ISO27001;ISO/IEC 27001 Information Security Management Standard 2013
aws;ISO (the International Organization for Standardization) and IEC (the International Electrotechnical Commission) form the specialized system for worldwide standardization. National bodies that are members of ISO or IEC participate in the development of International Standards through technical committees established by the respective organization to deal with particular fields of technical activity. ISO and IEC technical committees collaborate in fields of mutual interest. Other international organizations, governmental and non-governmental, in liaison with ISO and IEC, also take part in the work.;334960985321;eu-north-1;2026-04-06 19:21:44.104332;A.9.3.I;User Responsibilities;Ensure access keys are rotated every 90 days or less;A.9 Access Control;A.9.3.I;User Responsibilities;Ensure access keys are rotated every 90 days or less;PASS;User <root_account> does not have access keys.;arn:aws:iam::334960985321:root;iam_rotate_access_key_90_days;False;<root_account>;ISO27001;ISO/IEC 27001 Information Security Management Standard 2013
aws;ISO (the International Organization for Standardization) and IEC (the International Electrotechnical Commission) form the specialized system for worldwide standardization. National bodies that are members of ISO or IEC participate in the development of International Standards through technical committees established by the respective organization to deal with particular fields of technical activity. ISO and IEC technical committees collaborate in fields of mutual interest. Other international organizations, governmental and non-governmental, in liaison with ISO and IEC, also take part in the work.;334960985321;eu-north-1;2026-04-06 19:21:44.104332;A.9.4.L;System and Application Access Control;Ensure access keys are rotated every 90 days or less;A.9 Access Control;A.9.4.L;System and Application Access Control;Ensure access keys are rotated every 90 days or less;PASS;User <root_account> does not have access keys.;arn:aws:iam::334960985321:root;iam_rotate_access_key_90_days;False;<root_account>;ISO27001;ISO/IEC 27001 Information Security Management Standard 2013
aws;ISO (the International Organization for Standardization) and IEC (the International Electrotechnical Commission) form the specialized system for worldwide standardization. National bodies that are members of ISO or IEC participate in the development of International Standards through technical committees established by the respective organization to deal with particular fields of technical activity. ISO and IEC technical committees collaborate in fields of mutual interest. Other international organizations, governmental and non-governmental, in liaison with ISO and IEC, also take part in the work.;334960985321;eu-north-1;2026-04-06 19:21:44.104332;A.9.2.L;User Access Management;Ensure access keys are rotated every 90 days or less;A.9 Access Control;A.9.2.L;User Access Management;Ensure access keys are rotated every 90 days or less;PASS;User hussain does not have access keys older than 90 days.;arn:aws:iam::334960985321:user/hussain;iam_rotate_access_key_90_days;False;hussain;ISO27001;ISO/IEC 27001 Information Security Management Standard 2013
aws;ISO (the International Organization for Standardization) and IEC (the International Electrotechnical Commission) form the specialized system for worldwide standardization. National bodies that are members of ISO or IEC participate in the development of International Standards through technical committees established by the respective organization to deal with particular fields of technical activity. ISO and IEC technical committees collaborate in fields of mutual interest. Other international organizations, governmental and non-governmental, in liaison with ISO and IEC, also take part in the work.;334960985321;eu-north-1;2026-04-06 19:21:44.104332;A.9.3.I;User Responsibilities;Ensure access keys are rotated every 90 days or less;A.9 Access Control;A.9.3.I;User Responsibilities;Ensure access keys are rotated every 90 days or less;PASS;User hussain does not have access keys older than 90 days.;arn:aws:iam::334960985321:user/hussain;iam_rotate_access_key_90_days;False;hussain;ISO27001;ISO/IEC 27001 Information Security Management Standard 2013
aws;ISO (the International Organization for Standardization) and IEC (the International Electrotechnical Commission) form the specialized system for worldwide standardization. National bodies that are members of ISO or IEC participate in the development of International Standards through technical committees established by the respective organization to deal with particular fields of technical activity. ISO and IEC technical committees collaborate in fields of mutual interest. Other international organizations, governmental and non-governmental, in liaison with ISO and IEC, also take part in the work.;334960985321;eu-north-1;2026-04-06 19:21:44.104332;A.9.4.L;System and Application Access Control;Ensure access keys are rotated every 90 days or less;A.9 Access Control;A.9.4.L;System and Application Access Control;Ensure access keys are rotated every 90 days or less;PASS;User hussain does not have access keys older than 90 days.;arn:aws:iam::334960985321:user/hussain;iam_rotate_access_key_90_days;False;hussain;ISO27001;ISO/IEC 27001 Information Security Management Standard 2013
aws;ISO (the International Organization for Standardization) and IEC (the International Electrotechnical Commission) form the specialized system for worldwide standardization. National bodies that are members of ISO or IEC participate in the development of International Standards through technical committees established by the respective organization to deal with particular fields of technical activity. ISO and IEC technical committees collaborate in fields of mutual interest. Other international organizations, governmental and non-governmental, in liaison with ISO and IEC, also take part in the work.;334960985321;eu-north-1;2026-04-06 19:21:44.104332;A.9.2.L;User Access Management;Ensure access keys are rotated every 90 days or less;A.9 Access Control;A.9.2.L;User Access Management;Ensure access keys are rotated every 90 days or less;PASS;User sec-user does not have access keys older than 90 days.;arn:aws:iam::334960985321:user/sec-user;iam_rotate_access_key_90_days;False;sec-user;ISO27001;ISO/IEC 27001 Information Security Management Standard 2013
aws;ISO (the International Organization for Standardization) and IEC (the International Electrotechnical Commission) form the specialized system for worldwide standardization. National bodies that are members of ISO or IEC participate in the development of International Standards through technical committees established by the respective organization to deal with particular fields of technical activity. ISO and IEC technical committees collaborate in fields of mutual interest. Other international organizations, governmental and non-governmental, in liaison with ISO and IEC, also take part in the work.;334960985321;eu-north-1;2026-04-06 19:21:44.104332;A.9.3.I;User Responsibilities;Ensure access keys are rotated every 90 days or less;A.9 Access Control;A.9.3.I;User Responsibilities;Ensure access keys are rotated every 90 days or less;PASS;User sec-user does not have access keys older than 90 days.;arn:aws:iam::334960985321:user/sec-user;iam_rotate_access_key_90_days;False;sec-user;ISO27001;ISO/IEC 27001 Information Security Management Standard 2013
aws;ISO (the International Organization for Standardization) and IEC (the International Electrotechnical Commission) form the specialized system for worldwide standardization. National bodies that are members of ISO or IEC participate in the development of International Standards through technical committees established by the respective organization to deal with particular fields of technical activity. ISO and IEC technical committees collaborate in fields of mutual interest. Other international organizations, governmental and non-governmental, in liaison with ISO and IEC, also take part in the work.;334960985321;eu-north-1;2026-04-06 19:21:44.104332;A.9.4.L;System and Application Access Control;Ensure access keys are rotated every 90 days or less;A.9 Access Control;A.9.4.L;System and Application Access Control;Ensure access keys are rotated every 90 days or less;PASS;User sec-user does not have access keys older than 90 days.;arn:aws:iam::334960985321:user/sec-user;iam_rotate_access_key_90_days;False;sec-user;ISO27001;ISO/IEC 27001 Information Security Management Standard 2013
aws;ISO (the International Organization for Standardization) and IEC (the International Electrotechnical Commission) form the specialized system for worldwide standardization. National bodies that are members of ISO or IEC participate in the development of International Standards through technical committees established by the respective organization to deal with particular fields of technical activity. ISO and IEC technical committees collaborate in fields of mutual interest. Other international organizations, governmental and non-governmental, in liaison with ISO and IEC, also take part in the work.;334960985321;eu-north-1;2026-04-06 19:21:44.104332;A.9.2.M;User Access Management;Ensure credentials unused for 90 days or greater are disabled;A.9 Access Control;A.9.2.M;User Access Management;Ensure credentials unused for 90 days or greater are disabled;PASS;User <root_account> does not have access keys.;arn:aws:iam::334960985321:root;iam_user_accesskey_unused;False;<root_account>;ISO27001;ISO/IEC 27001 Information Security Management Standard 2013
aws;ISO (the International Organization for Standardization) and IEC (the International Electrotechnical Commission) form the specialized system for worldwide standardization. National bodies that are members of ISO or IEC participate in the development of International Standards through technical committees established by the respective organization to deal with particular fields of technical activity. ISO and IEC technical committees collaborate in fields of mutual interest. Other international organizations, governmental and non-governmental, in liaison with ISO and IEC, also take part in the work.;334960985321;eu-north-1;2026-04-06 19:21:44.104332;A.9.3.J;User Responsibilities;Ensure credentials unused for 90 days or greater are disabled;A.9 Access Control;A.9.3.J;User Responsibilities;Ensure credentials unused for 90 days or greater are disabled;PASS;User <root_account> does not have access keys.;arn:aws:iam::334960985321:root;iam_user_accesskey_unused;False;<root_account>;ISO27001;ISO/IEC 27001 Information Security Management Standard 2013
aws;ISO (the International Organization for Standardization) and IEC (the International Electrotechnical Commission) form the specialized system for worldwide standardization. National bodies that are members of ISO or IEC participate in the development of International Standards through technical committees established by the respective organization to deal with particular fields of technical activity. ISO and IEC technical committees collaborate in fields of mutual interest. Other international organizations, governmental and non-governmental, in liaison with ISO and IEC, also take part in the work.;334960985321;eu-north-1;2026-04-06 19:21:44.104332;A.9.4.M;System and Application Access Control;Ensure credentials unused for 90 days or greater are disabled;A.9 Access Control;A.9.4.M;System and Application Access Control;Ensure credentials unused for 90 days or greater are disabled;PASS;User <root_account> does not have access keys.;arn:aws:iam::334960985321:root;iam_user_accesskey_unused;False;<root_account>;ISO27001;ISO/IEC 27001 Information Security Management Standard 2013
aws;ISO (the International Organization for Standardization) and IEC (the International Electrotechnical Commission) form the specialized system for worldwide standardization. National bodies that are members of ISO or IEC participate in the development of International Standards through technical committees established by the respective organization to deal with particular fields of technical activity. ISO and IEC technical committees collaborate in fields of mutual interest. Other international organizations, governmental and non-governmental, in liaison with ISO and IEC, also take part in the work.;334960985321;eu-north-1;2026-04-06 19:21:44.104332;A.9.2.M;User Access Management;Ensure credentials unused for 90 days or greater are disabled;A.9 Access Control;A.9.2.M;User Access Management;Ensure credentials unused for 90 days or greater are disabled;PASS;User hussain does not have unused access keys for 45 days.;arn:aws:iam::334960985321:user/hussain;iam_user_accesskey_unused;False;hussain;ISO27001;ISO/IEC 27001 Information Security Management Standard 2013
aws;ISO (the International Organization for Standardization) and IEC (the International Electrotechnical Commission) form the specialized system for worldwide standardization. National bodies that are members of ISO or IEC participate in the development of International Standards through technical committees established by the respective organization to deal with particular fields of technical activity. ISO and IEC technical committees collaborate in fields of mutual interest. Other international organizations, governmental and non-governmental, in liaison with ISO and IEC, also take part in the work.;334960985321;eu-north-1;2026-04-06 19:21:44.104332;A.9.3.J;User Responsibilities;Ensure credentials unused for 90 days or greater are disabled;A.9 Access Control;A.9.3.J;User Responsibilities;Ensure credentials unused for 90 days or greater are disabled;PASS;User hussain does not have unused access keys for 45 days.;arn:aws:iam::334960985321:user/hussain;iam_user_accesskey_unused;False;hussain;ISO27001;ISO/IEC 27001 Information Security Management Standard 2013
aws;ISO (the International Organization for Standardization) and IEC (the International Electrotechnical Commission) form the specialized system for worldwide standardization. National bodies that are members of ISO or IEC participate in the development of International Standards through technical committees established by the respective organization to deal with particular fields of technical activity. ISO and IEC technical committees collaborate in fields of mutual interest. Other international organizations, governmental and non-governmental, in liaison with ISO and IEC, also take part in the work.;334960985321;eu-north-1;2026-04-06 19:21:44.104332;A.9.4.M;System and Application Access Control;Ensure credentials unused for 90 days or greater are disabled;A.9 Access Control;A.9.4.M;System and Application Access Control;Ensure credentials unused for 90 days or greater are disabled;PASS;User hussain does not have unused access keys for 45 days.;arn:aws:iam::334960985321:user/hussain;iam_user_accesskey_unused;False;hussain;ISO27001;ISO/IEC 27001 Information Security Management Standard 2013
aws;ISO (the International Organization for Standardization) and IEC (the International Electrotechnical Commission) form the specialized system for worldwide standardization. National bodies that are members of ISO or IEC participate in the development of International Standards through technical committees established by the respective organization to deal with particular fields of technical activity. ISO and IEC technical committees collaborate in fields of mutual interest. Other international organizations, governmental and non-governmental, in liaison with ISO and IEC, also take part in the work.;334960985321;eu-north-1;2026-04-06 19:21:44.104332;A.9.2.M;User Access Management;Ensure credentials unused for 90 days or greater are disabled;A.9 Access Control;A.9.2.M;User Access Management;Ensure credentials unused for 90 days or greater are disabled;PASS;User sec-user does not have unused access keys for 45 days.;arn:aws:iam::334960985321:user/sec-user;iam_user_accesskey_unused;False;sec-user;ISO27001;ISO/IEC 27001 Information Security Management Standard 2013
aws;ISO (the International Organization for Standardization) and IEC (the International Electrotechnical Commission) form the specialized system for worldwide standardization. National bodies that are members of ISO or IEC participate in the development of International Standards through technical committees established by the respective organization to deal with particular fields of technical activity. ISO and IEC technical committees collaborate in fields of mutual interest. Other international organizations, governmental and non-governmental, in liaison with ISO and IEC, also take part in the work.;334960985321;eu-north-1;2026-04-06 19:21:44.104332;A.9.3.J;User Responsibilities;Ensure credentials unused for 90 days or greater are disabled;A.9 Access Control;A.9.3.J;User Responsibilities;Ensure credentials unused for 90 days or greater are disabled;PASS;User sec-user does not have unused access keys for 45 days.;arn:aws:iam::334960985321:user/sec-user;iam_user_accesskey_unused;False;sec-user;ISO27001;ISO/IEC 27001 Information Security Management Standard 2013
aws;ISO (the International Organization for Standardization) and IEC (the International Electrotechnical Commission) form the specialized system for worldwide standardization. National bodies that are members of ISO or IEC participate in the development of International Standards through technical committees established by the respective organization to deal with particular fields of technical activity. ISO and IEC technical committees collaborate in fields of mutual interest. Other international organizations, governmental and non-governmental, in liaison with ISO and IEC, also take part in the work.;334960985321;eu-north-1;2026-04-06 19:21:44.104332;A.9.4.M;System and Application Access Control;Ensure credentials unused for 90 days or greater are disabled;A.9 Access Control;A.9.4.M;System and Application Access Control;Ensure credentials unused for 90 days or greater are disabled;PASS;User sec-user does not have unused access keys for 45 days.;arn:aws:iam::334960985321:user/sec-user;iam_user_accesskey_unused;False;sec-user;ISO27001;ISO/IEC 27001 Information Security Management Standard 2013
aws;ISO (the International Organization for Standardization) and IEC (the International Electrotechnical Commission) form the specialized system for worldwide standardization. National bodies that are members of ISO or IEC participate in the development of International Standards through technical committees established by the respective organization to deal with particular fields of technical activity. ISO and IEC technical committees collaborate in fields of mutual interest. Other international organizations, governmental and non-governmental, in liaison with ISO and IEC, also take part in the work.;334960985321;eu-north-1;2026-04-06 19:21:44.104332;A.9.2.M;User Access Management;Ensure credentials unused for 90 days or greater are disabled;A.9 Access Control;A.9.2.M;User Access Management;Ensure credentials unused for 90 days or greater are disabled;FAIL;User hussain has not logged in to the console in the past 45 days (319 days).;arn:aws:iam::334960985321:user/hussain;iam_user_console_access_unused;False;hussain;ISO27001;ISO/IEC 27001 Information Security Management Standard 2013
aws;ISO (the International Organization for Standardization) and IEC (the International Electrotechnical Commission) form the specialized system for worldwide standardization. National bodies that are members of ISO or IEC participate in the development of International Standards through technical committees established by the respective organization to deal with particular fields of technical activity. ISO and IEC technical committees collaborate in fields of mutual interest. Other international organizations, governmental and non-governmental, in liaison with ISO and IEC, also take part in the work.;334960985321;eu-north-1;2026-04-06 19:21:44.104332;A.9.3.J;User Responsibilities;Ensure credentials unused for 90 days or greater are disabled;A.9 Access Control;A.9.3.J;User Responsibilities;Ensure credentials unused for 90 days or greater are disabled;FAIL;User hussain has not logged in to the console in the past 45 days (319 days).;arn:aws:iam::334960985321:user/hussain;iam_user_console_access_unused;False;hussain;ISO27001;ISO/IEC 27001 Information Security Management Standard 2013
aws;ISO (the International Organization for Standardization) and IEC (the International Electrotechnical Commission) form the specialized system for worldwide standardization. National bodies that are members of ISO or IEC participate in the development of International Standards through technical committees established by the respective organization to deal with particular fields of technical activity. ISO and IEC technical committees collaborate in fields of mutual interest. Other international organizations, governmental and non-governmental, in liaison with ISO and IEC, also take part in the work.;334960985321;eu-north-1;2026-04-06 19:21:44.104332;A.9.4.M;System and Application Access Control;Ensure credentials unused for 90 days or greater are disabled;A.9 Access Control;A.9.4.M;System and Application Access Control;Ensure credentials unused for 90 days or greater are disabled;FAIL;User hussain has not logged in to the console in the past 45 days (319 days).;arn:aws:iam::334960985321:user/hussain;iam_user_console_access_unused;False;hussain;ISO27001;ISO/IEC 27001 Information Security Management Standard 2013
aws;ISO (the International Organization for Standardization) and IEC (the International Electrotechnical Commission) form the specialized system for worldwide standardization. National bodies that are members of ISO or IEC participate in the development of International Standards through technical committees established by the respective organization to deal with particular fields of technical activity. ISO and IEC technical committees collaborate in fields of mutual interest. Other international organizations, governmental and non-governmental, in liaison with ISO and IEC, also take part in the work.;334960985321;eu-north-1;2026-04-06 19:21:44.104332;A.9.2.M;User Access Management;Ensure credentials unused for 90 days or greater are disabled;A.9 Access Control;A.9.2.M;User Access Management;Ensure credentials unused for 90 days or greater are disabled;PASS;User sec-user does not have console access enabled or is unused.;arn:aws:iam::334960985321:user/sec-user;iam_user_console_access_unused;False;sec-user;ISO27001;ISO/IEC 27001 Information Security Management Standard 2013
aws;ISO (the International Organization for Standardization) and IEC (the International Electrotechnical Commission) form the specialized system for worldwide standardization. National bodies that are members of ISO or IEC participate in the development of International Standards through technical committees established by the respective organization to deal with particular fields of technical activity. ISO and IEC technical committees collaborate in fields of mutual interest. Other international organizations, governmental and non-governmental, in liaison with ISO and IEC, also take part in the work.;334960985321;eu-north-1;2026-04-06 19:21:44.104332;A.9.3.J;User Responsibilities;Ensure credentials unused for 90 days or greater are disabled;A.9 Access Control;A.9.3.J;User Responsibilities;Ensure credentials unused for 90 days or greater are disabled;PASS;User sec-user does not have console access enabled or is unused.;arn:aws:iam::334960985321:user/sec-user;iam_user_console_access_unused;False;sec-user;ISO27001;ISO/IEC 27001 Information Security Management Standard 2013
aws;ISO (the International Organization for Standardization) and IEC (the International Electrotechnical Commission) form the specialized system for worldwide standardization. National bodies that are members of ISO or IEC participate in the development of International Standards through technical committees established by the respective organization to deal with particular fields of technical activity. ISO and IEC technical committees collaborate in fields of mutual interest. Other international organizations, governmental and non-governmental, in liaison with ISO and IEC, also take part in the work.;334960985321;eu-north-1;2026-04-06 19:21:44.104332;A.9.4.M;System and Application Access Control;Ensure credentials unused for 90 days or greater are disabled;A.9 Access Control;A.9.4.M;System and Application Access Control;Ensure credentials unused for 90 days or greater are disabled;PASS;User sec-user does not have console access enabled or is unused.;arn:aws:iam::334960985321:user/sec-user;iam_user_console_access_unused;False;sec-user;ISO27001;ISO/IEC 27001 Information Security Management Standard 2013
aws;ISO (the International Organization for Standardization) and IEC (the International Electrotechnical Commission) form the specialized system for worldwide standardization. National bodies that are members of ISO or IEC participate in the development of International Standards through technical committees established by the respective organization to deal with particular fields of technical activity. ISO and IEC technical committees collaborate in fields of mutual interest. Other international organizations, governmental and non-governmental, in liaison with ISO and IEC, also take part in the work.;334960985321;eu-north-1;2026-04-06 19:21:44.104332;A.9.2.J;User Access Management;Ensure multi-factor authentication (MFA) is enabled for all IAM users that have console access;A.9 Access Control;A.9.2.J;User Access Management;Ensure multi-factor authentication (MFA) is enabled for all IAM users that have console access;FAIL;User hussain has Console Password enabled but MFA disabled.;arn:aws:iam::334960985321:user/hussain;iam_user_mfa_enabled_console_access;False;hussain;ISO27001;ISO/IEC 27001 Information Security Management Standard 2013
aws;ISO (the International Organization for Standardization) and IEC (the International Electrotechnical Commission) form the specialized system for worldwide standardization. National bodies that are members of ISO or IEC participate in the development of International Standards through technical committees established by the respective organization to deal with particular fields of technical activity. ISO and IEC technical committees collaborate in fields of mutual interest. Other international organizations, governmental and non-governmental, in liaison with ISO and IEC, also take part in the work.;334960985321;eu-north-1;2026-04-06 19:21:44.104332;A.9.3.H;User Responsibilities;Ensure multi-factor authentication (MFA) is enabled for all IAM users that have console access;A.9 Access Control;A.9.3.H;User Responsibilities;Ensure multi-factor authentication (MFA) is enabled for all IAM users that have console access;FAIL;User hussain has Console Password enabled but MFA disabled.;arn:aws:iam::334960985321:user/hussain;iam_user_mfa_enabled_console_access;False;hussain;ISO27001;ISO/IEC 27001 Information Security Management Standard 2013
aws;ISO (the International Organization for Standardization) and IEC (the International Electrotechnical Commission) form the specialized system for worldwide standardization. National bodies that are members of ISO or IEC participate in the development of International Standards through technical committees established by the respective organization to deal with particular fields of technical activity. ISO and IEC technical committees collaborate in fields of mutual interest. Other international organizations, governmental and non-governmental, in liaison with ISO and IEC, also take part in the work.;334960985321;eu-north-1;2026-04-06 19:21:44.104332;A.9.4.J;System and Application Access Control;Ensure multi-factor authentication (MFA) is enabled for all IAM users that have console access;A.9 Access Control;A.9.4.J;System and Application Access Control;Ensure multi-factor authentication (MFA) is enabled for all IAM users that have console access;FAIL;User hussain has Console Password enabled but MFA disabled.;arn:aws:iam::334960985321:user/hussain;iam_user_mfa_enabled_console_access;False;hussain;ISO27001;ISO/IEC 27001 Information Security Management Standard 2013
aws;ISO (the International Organization for Standardization) and IEC (the International Electrotechnical Commission) form the specialized system for worldwide standardization. National bodies that are members of ISO or IEC participate in the development of International Standards through technical committees established by the respective organization to deal with particular fields of technical activity. ISO and IEC technical committees collaborate in fields of mutual interest. Other international organizations, governmental and non-governmental, in liaison with ISO and IEC, also take part in the work.;334960985321;eu-north-1;2026-04-06 19:21:44.104332;A.9.2.J;User Access Management;Ensure multi-factor authentication (MFA) is enabled for all IAM users that have console access;A.9 Access Control;A.9.2.J;User Access Management;Ensure multi-factor authentication (MFA) is enabled for all IAM users that have console access;PASS;User sec-user does not have Console Password enabled.;arn:aws:iam::334960985321:user/sec-user;iam_user_mfa_enabled_console_access;False;sec-user;ISO27001;ISO/IEC 27001 Information Security Management Standard 2013
aws;ISO (the International Organization for Standardization) and IEC (the International Electrotechnical Commission) form the specialized system for worldwide standardization. National bodies that are members of ISO or IEC participate in the development of International Standards through technical committees established by the respective organization to deal with particular fields of technical activity. ISO and IEC technical committees collaborate in fields of mutual interest. Other international organizations, governmental and non-governmental, in liaison with ISO and IEC, also take part in the work.;334960985321;eu-north-1;2026-04-06 19:21:44.104332;A.9.3.H;User Responsibilities;Ensure multi-factor authentication (MFA) is enabled for all IAM users that have console access;A.9 Access Control;A.9.3.H;User Responsibilities;Ensure multi-factor authentication (MFA) is enabled for all IAM users that have console access;PASS;User sec-user does not have Console Password enabled.;arn:aws:iam::334960985321:user/sec-user;iam_user_mfa_enabled_console_access;False;sec-user;ISO27001;ISO/IEC 27001 Information Security Management Standard 2013
aws;ISO (the International Organization for Standardization) and IEC (the International Electrotechnical Commission) form the specialized system for worldwide standardization. National bodies that are members of ISO or IEC participate in the development of International Standards through technical committees established by the respective organization to deal with particular fields of technical activity. ISO and IEC technical committees collaborate in fields of mutual interest. Other international organizations, governmental and non-governmental, in liaison with ISO and IEC, also take part in the work.;334960985321;eu-north-1;2026-04-06 19:21:44.104332;A.9.4.J;System and Application Access Control;Ensure multi-factor authentication (MFA) is enabled for all IAM users that have console access;A.9 Access Control;A.9.4.J;System and Application Access Control;Ensure multi-factor authentication (MFA) is enabled for all IAM users that have console access;PASS;User sec-user does not have Console Password enabled.;arn:aws:iam::334960985321:user/sec-user;iam_user_mfa_enabled_console_access;False;sec-user;ISO27001;ISO/IEC 27001 Information Security Management Standard 2013
aws;ISO (the International Organization for Standardization) and IEC (the International Electrotechnical Commission) form the specialized system for worldwide standardization. National bodies that are members of ISO or IEC participate in the development of International Standards through technical committees established by the respective organization to deal with particular fields of technical activity. ISO and IEC technical committees collaborate in fields of mutual interest. Other international organizations, governmental and non-governmental, in liaison with ISO and IEC, also take part in the work.;334960985321;eu-north-1;2026-04-06 19:21:44.104332;A.12.4.R;Logging and Monitoring;Ensure VPC flow logging is enabled in all VPCs;A.12 Operations Security;A.12.4.R;Logging and Monitoring;Ensure VPC flow logging is enabled in all VPCs;FAIL;VPC vpc-0ba343f09ae895b4c Flow logs are disabled.;arn:aws:ec2:eu-north-1:334960985321:vpc/vpc-0ba343f09ae895b4c;vpc_flow_logs_enabled;False;vpc-0ba343f09ae895b4c;ISO27001;ISO/IEC 27001 Information Security Management Standard 2013
