PROVIDER;DESCRIPTION;ACCOUNTID;REGION;ASSESSMENTDATE;REQUIREMENTS_ID;REQUIREMENTS_DESCRIPTION;REQUIREMENTS_ATTRIBUTES_SECTION;REQUIREMENTS_ATTRIBUTES_SUBSECTION;REQUIREMENTS_ATTRIBUTES_SUBGROUP;REQUIREMENTS_ATTRIBUTES_SERVICE;REQUIREMENTS_ATTRIBUTES_TYPE;STATUS;STATUSEXTENDED;RESOURCEID;CHECKID;MUTED;RESOURCENAME;FRAMEWORK;NAME;REQUIREMENTS_ATTRIBUTES_COMMENT
aws;The Federal Risk and Authorization Management Program (FedRAMP) was established in 2011. It provides a cost-effective, risk-based approach for the adoption and use of cloud services by the U.S. federal government. FedRAMP empowers federal agencies to use modern cloud technologies, with an emphasis on the security and protection of federal information.;334960985321;eu-north-1;2026-04-06 19:21:44.104332;ac-2;Manage system accounts, group memberships, privileges, workflow, notifications, deactivations, and authorizations.;Access Control (AC);;;aws;;FAIL;No CloudTrail trails enabled with logging were found.;arn:aws:cloudtrail:eu-north-1:334960985321:trail;cloudtrail_multi_region_enabled;False;334960985321;FedRAMP-Low-Revision-4;FedRAMP Low Revision 4;
aws;The Federal Risk and Authorization Management Program (FedRAMP) was established in 2011. It provides a cost-effective, risk-based approach for the adoption and use of cloud services by the U.S. federal government. FedRAMP empowers federal agencies to use modern cloud technologies, with an emphasis on the security and protection of federal information.;334960985321;eu-north-1;2026-04-06 19:21:44.104332;au-2;"The organization: a. Determines that the information system is capable of auditing the following events: [Assignment: organization-defined auditable events]; b. Coordinates the security audit function with other organizational entities requiring audit- related information to enhance mutual support and to help guide the selection of auditable events; c. Provides a rationale for why the auditable events are deemed to be adequate support after- the-fact investigations of security incidents";Audit and Accountability (AU);;;aws;;FAIL;No CloudTrail trails enabled with logging were found.;arn:aws:cloudtrail:eu-north-1:334960985321:trail;cloudtrail_multi_region_enabled;False;334960985321;FedRAMP-Low-Revision-4;FedRAMP Low Revision 4;
aws;The Federal Risk and Authorization Management Program (FedRAMP) was established in 2011. It provides a cost-effective, risk-based approach for the adoption and use of cloud services by the U.S. federal government. FedRAMP empowers federal agencies to use modern cloud technologies, with an emphasis on the security and protection of federal information.;334960985321;eu-north-1;2026-04-06 19:21:44.104332;ca-7;Continuously monitor configuration management processes. Determine security impact, environment and operational risks.;Security Assessment And Authorization (CA);;;aws;;FAIL;No CloudTrail trails enabled with logging were found.;arn:aws:cloudtrail:eu-north-1:334960985321:trail;cloudtrail_multi_region_enabled;False;334960985321;FedRAMP-Low-Revision-4;FedRAMP Low Revision 4;
aws;The Federal Risk and Authorization Management Program (FedRAMP) was established in 2011. It provides a cost-effective, risk-based approach for the adoption and use of cloud services by the U.S. federal government. FedRAMP empowers federal agencies to use modern cloud technologies, with an emphasis on the security and protection of federal information.;334960985321;eu-north-1;2026-04-06 19:21:44.104332;ac-2;Manage system accounts, group memberships, privileges, workflow, notifications, deactivations, and authorizations.;Access Control (AC);;;aws;;FAIL;No CloudWatch log groups found with metric filters or alarms associated.;arn:aws:logs:eu-north-1:334960985321:log-group;cloudwatch_changes_to_network_acls_alarm_configured;False;334960985321;FedRAMP-Low-Revision-4;FedRAMP Low Revision 4;
aws;The Federal Risk and Authorization Management Program (FedRAMP) was established in 2011. It provides a cost-effective, risk-based approach for the adoption and use of cloud services by the U.S. federal government. FedRAMP empowers federal agencies to use modern cloud technologies, with an emphasis on the security and protection of federal information.;334960985321;eu-north-1;2026-04-06 19:21:44.104332;ca-7;Continuously monitor configuration management processes. Determine security impact, environment and operational risks.;Security Assessment And Authorization (CA);;;aws;;FAIL;No CloudWatch log groups found with metric filters or alarms associated.;arn:aws:logs:eu-north-1:334960985321:log-group;cloudwatch_changes_to_network_acls_alarm_configured;False;334960985321;FedRAMP-Low-Revision-4;FedRAMP Low Revision 4;
aws;The Federal Risk and Authorization Management Program (FedRAMP) was established in 2011. It provides a cost-effective, risk-based approach for the adoption and use of cloud services by the U.S. federal government. FedRAMP empowers federal agencies to use modern cloud technologies, with an emphasis on the security and protection of federal information.;334960985321;eu-north-1;2026-04-06 19:21:44.104332;ir-4;The organization implements an incident handling capability for security incidents that includes preparation, detection and analysis, containment, eradication, and recovery, coordinates incident handling activities with contingency planning activities and incorporates lessons learned from ongoing incident handling activities into incident response procedures, training, and testing, and implements the resulting changes accordingly.;Incident Response (IR);;;aws;;FAIL;No CloudWatch log groups found with metric filters or alarms associated.;arn:aws:logs:eu-north-1:334960985321:log-group;cloudwatch_changes_to_network_acls_alarm_configured;False;334960985321;FedRAMP-Low-Revision-4;FedRAMP Low Revision 4;
aws;The Federal Risk and Authorization Management Program (FedRAMP) was established in 2011. It provides a cost-effective, risk-based approach for the adoption and use of cloud services by the U.S. federal government. FedRAMP empowers federal agencies to use modern cloud technologies, with an emphasis on the security and protection of federal information.;334960985321;eu-north-1;2026-04-06 19:21:44.104332;ir-4;The organization implements an incident handling capability for security incidents that includes preparation, detection and analysis, containment, eradication, and recovery, coordinates incident handling activities with contingency planning activities and incorporates lessons learned from ongoing incident handling activities into incident response procedures, training, and testing, and implements the resulting changes accordingly.;Incident Response (IR);;;aws;;FAIL;No CloudWatch log groups found with metric filters or alarms associated.;arn:aws:logs:eu-north-1:334960985321:log-group;cloudwatch_changes_to_network_gateways_alarm_configured;False;334960985321;FedRAMP-Low-Revision-4;FedRAMP Low Revision 4;
aws;The Federal Risk and Authorization Management Program (FedRAMP) was established in 2011. It provides a cost-effective, risk-based approach for the adoption and use of cloud services by the U.S. federal government. FedRAMP empowers federal agencies to use modern cloud technologies, with an emphasis on the security and protection of federal information.;334960985321;eu-north-1;2026-04-06 19:21:44.104332;ir-4;The organization implements an incident handling capability for security incidents that includes preparation, detection and analysis, containment, eradication, and recovery, coordinates incident handling activities with contingency planning activities and incorporates lessons learned from ongoing incident handling activities into incident response procedures, training, and testing, and implements the resulting changes accordingly.;Incident Response (IR);;;aws;;FAIL;No CloudWatch log groups found with metric filters or alarms associated.;arn:aws:logs:eu-north-1:334960985321:log-group;cloudwatch_changes_to_network_route_tables_alarm_configured;False;334960985321;FedRAMP-Low-Revision-4;FedRAMP Low Revision 4;
aws;The Federal Risk and Authorization Management Program (FedRAMP) was established in 2011. It provides a cost-effective, risk-based approach for the adoption and use of cloud services by the U.S. federal government. FedRAMP empowers federal agencies to use modern cloud technologies, with an emphasis on the security and protection of federal information.;334960985321;eu-north-1;2026-04-06 19:21:44.104332;ir-4;The organization implements an incident handling capability for security incidents that includes preparation, detection and analysis, containment, eradication, and recovery, coordinates incident handling activities with contingency planning activities and incorporates lessons learned from ongoing incident handling activities into incident response procedures, training, and testing, and implements the resulting changes accordingly.;Incident Response (IR);;;aws;;FAIL;No CloudWatch log groups found with metric filters or alarms associated.;arn:aws:logs:eu-north-1:334960985321:log-group;cloudwatch_changes_to_vpcs_alarm_configured;False;334960985321;FedRAMP-Low-Revision-4;FedRAMP Low Revision 4;
aws;The Federal Risk and Authorization Management Program (FedRAMP) was established in 2011. It provides a cost-effective, risk-based approach for the adoption and use of cloud services by the U.S. federal government. FedRAMP empowers federal agencies to use modern cloud technologies, with an emphasis on the security and protection of federal information.;334960985321;eu-north-1;2026-04-06 19:21:44.104332;ac-3;The information system enforces approved authorizations for logical access to information and system resources in accordance with applicable access control policies.;Access Control (AC);;;aws;;PASS;EC2 Instance i-07155be449979bd7a has IMDSv2 enabled and required.;arn:aws:ec2:eu-north-1:334960985321:instance/i-07155be449979bd7a;ec2_instance_imdsv2_enabled;False;i-07155be449979bd7a;FedRAMP-Low-Revision-4;FedRAMP Low Revision 4;
aws;The Federal Risk and Authorization Management Program (FedRAMP) was established in 2011. It provides a cost-effective, risk-based approach for the adoption and use of cloud services by the U.S. federal government. FedRAMP empowers federal agencies to use modern cloud technologies, with an emphasis on the security and protection of federal information.;334960985321;eu-north-1;2026-04-06 19:21:44.104332;ca-7;Continuously monitor configuration management processes. Determine security impact, environment and operational risks.;Security Assessment And Authorization (CA);;;aws;;PASS;EC2 Instance i-07155be449979bd7a has IMDSv2 enabled and required.;arn:aws:ec2:eu-north-1:334960985321:instance/i-07155be449979bd7a;ec2_instance_imdsv2_enabled;False;i-07155be449979bd7a;FedRAMP-Low-Revision-4;FedRAMP Low Revision 4;
aws;The Federal Risk and Authorization Management Program (FedRAMP) was established in 2011. It provides a cost-effective, risk-based approach for the adoption and use of cloud services by the U.S. federal government. FedRAMP empowers federal agencies to use modern cloud technologies, with an emphasis on the security and protection of federal information.;334960985321;eu-north-1;2026-04-06 19:21:44.104332;cm-8;The organization develops and documents an inventory of information system components that accurately reflects the current information system, includes all components within the authorization boundary of the information system, is at the level of granularity deemed necessary for tracking and reporting and reviews and updates the information system component inventory.;Configuration Management (CM);;;aws;;PASS;EC2 Instance i-07155be449979bd7a is unmanaged by Systems Manager because it is stopped.;arn:aws:ec2:eu-north-1:334960985321:instance/i-07155be449979bd7a;ec2_instance_managed_by_ssm;False;i-07155be449979bd7a;FedRAMP-Low-Revision-4;FedRAMP Low Revision 4;
aws;The Federal Risk and Authorization Management Program (FedRAMP) was established in 2011. It provides a cost-effective, risk-based approach for the adoption and use of cloud services by the U.S. federal government. FedRAMP empowers federal agencies to use modern cloud technologies, with an emphasis on the security and protection of federal information.;334960985321;eu-north-1;2026-04-06 19:21:44.104332;sa-3;The organization manages the information system using organization-defined system development life cycle, defines and documents information security roles and responsibilities throughout the system development life cycle, identifies individuals having information security roles and responsibilities and integrates the organizational information security risk management process into system development life cycle activities.;System and Services Acquisition (SA);;;aws;;PASS;EC2 Instance i-07155be449979bd7a is unmanaged by Systems Manager because it is stopped.;arn:aws:ec2:eu-north-1:334960985321:instance/i-07155be449979bd7a;ec2_instance_managed_by_ssm;False;i-07155be449979bd7a;FedRAMP-Low-Revision-4;FedRAMP Low Revision 4;
aws;The Federal Risk and Authorization Management Program (FedRAMP) was established in 2011. It provides a cost-effective, risk-based approach for the adoption and use of cloud services by the U.S. federal government. FedRAMP empowers federal agencies to use modern cloud technologies, with an emphasis on the security and protection of federal information.;334960985321;eu-north-1;2026-04-06 19:21:44.104332;cm-2;The organization develops, documents, and maintains under configuration control, a current baseline configuration of the information system.;Configuration Management (CM);;;aws;;PASS;EC2 Instance i-07155be449979bd7a is not running.;arn:aws:ec2:eu-north-1:334960985321:instance/i-07155be449979bd7a;ec2_instance_older_than_specific_days;False;i-07155be449979bd7a;FedRAMP-Low-Revision-4;FedRAMP Low Revision 4;
aws;The Federal Risk and Authorization Management Program (FedRAMP) was established in 2011. It provides a cost-effective, risk-based approach for the adoption and use of cloud services by the U.S. federal government. FedRAMP empowers federal agencies to use modern cloud technologies, with an emphasis on the security and protection of federal information.;334960985321;eu-north-1;2026-04-06 19:21:44.104332;ac-3;The information system enforces approved authorizations for logical access to information and system resources in accordance with applicable access control policies.;Access Control (AC);;;aws;;PASS;EC2 Instance i-07155be449979bd7a does not have a Public IP.;arn:aws:ec2:eu-north-1:334960985321:instance/i-07155be449979bd7a;ec2_instance_public_ip;False;i-07155be449979bd7a;FedRAMP-Low-Revision-4;FedRAMP Low Revision 4;
aws;The Federal Risk and Authorization Management Program (FedRAMP) was established in 2011. It provides a cost-effective, risk-based approach for the adoption and use of cloud services by the U.S. federal government. FedRAMP empowers federal agencies to use modern cloud technologies, with an emphasis on the security and protection of federal information.;334960985321;eu-north-1;2026-04-06 19:21:44.104332;ac-17;Authorize remote access systems prior to connection. Enforce remote connection requirements to information systems.;Access Control (AC);;;aws;;PASS;EC2 Instance i-07155be449979bd7a does not have a Public IP.;arn:aws:ec2:eu-north-1:334960985321:instance/i-07155be449979bd7a;ec2_instance_public_ip;False;i-07155be449979bd7a;FedRAMP-Low-Revision-4;FedRAMP Low Revision 4;
aws;The Federal Risk and Authorization Management Program (FedRAMP) was established in 2011. It provides a cost-effective, risk-based approach for the adoption and use of cloud services by the U.S. federal government. FedRAMP empowers federal agencies to use modern cloud technologies, with an emphasis on the security and protection of federal information.;334960985321;eu-north-1;2026-04-06 19:21:44.104332;cm-2;The organization develops, documents, and maintains under configuration control, a current baseline configuration of the information system.;Configuration Management (CM);;;aws;;PASS;EC2 Instance i-07155be449979bd7a does not have a Public IP.;arn:aws:ec2:eu-north-1:334960985321:instance/i-07155be449979bd7a;ec2_instance_public_ip;False;i-07155be449979bd7a;FedRAMP-Low-Revision-4;FedRAMP Low Revision 4;
aws;The Federal Risk and Authorization Management Program (FedRAMP) was established in 2011. It provides a cost-effective, risk-based approach for the adoption and use of cloud services by the U.S. federal government. FedRAMP empowers federal agencies to use modern cloud technologies, with an emphasis on the security and protection of federal information.;334960985321;eu-north-1;2026-04-06 19:21:44.104332;sc-7;"The information system: a. Monitors and controls communications at the external boundary of the system and at key internal boundaries within the system; b. Implements subnetworks for publicly accessible system components that are [Selection: physically; logically] separated from internal organizational networks; and c. Connects to external networks or information systems only through managed interfaces consisting of boundary protection devices arranged in accordance with an organizational security architecture.";System and Communications Protection (SC);;;aws;;PASS;EC2 Instance i-07155be449979bd7a does not have a Public IP.;arn:aws:ec2:eu-north-1:334960985321:instance/i-07155be449979bd7a;ec2_instance_public_ip;False;i-07155be449979bd7a;FedRAMP-Low-Revision-4;FedRAMP Low Revision 4;
aws;The Federal Risk and Authorization Management Program (FedRAMP) was established in 2011. It provides a cost-effective, risk-based approach for the adoption and use of cloud services by the U.S. federal government. FedRAMP empowers federal agencies to use modern cloud technologies, with an emphasis on the security and protection of federal information.;334960985321;eu-north-1;2026-04-06 19:21:44.104332;ac-17;Authorize remote access systems prior to connection. Enforce remote connection requirements to information systems.;Access Control (AC);;;aws;;FAIL;Network ACL acl-0ab4dc19b8a45d225 has every port open to the Internet.;arn:aws:ec2:eu-north-1:334960985321:network-acl/acl-0ab4dc19b8a45d225;ec2_networkacl_allow_ingress_any_port;False;acl-0ab4dc19b8a45d225;FedRAMP-Low-Revision-4;FedRAMP Low Revision 4;
aws;The Federal Risk and Authorization Management Program (FedRAMP) was established in 2011. It provides a cost-effective, risk-based approach for the adoption and use of cloud services by the U.S. federal government. FedRAMP empowers federal agencies to use modern cloud technologies, with an emphasis on the security and protection of federal information.;334960985321;eu-north-1;2026-04-06 19:21:44.104332;cm-2;The organization develops, documents, and maintains under configuration control, a current baseline configuration of the information system.;Configuration Management (CM);;;aws;;FAIL;Network ACL acl-0ab4dc19b8a45d225 has every port open to the Internet.;arn:aws:ec2:eu-north-1:334960985321:network-acl/acl-0ab4dc19b8a45d225;ec2_networkacl_allow_ingress_any_port;False;acl-0ab4dc19b8a45d225;FedRAMP-Low-Revision-4;FedRAMP Low Revision 4;
aws;The Federal Risk and Authorization Management Program (FedRAMP) was established in 2011. It provides a cost-effective, risk-based approach for the adoption and use of cloud services by the U.S. federal government. FedRAMP empowers federal agencies to use modern cloud technologies, with an emphasis on the security and protection of federal information.;334960985321;eu-north-1;2026-04-06 19:21:44.104332;sc-7;"The information system: a. Monitors and controls communications at the external boundary of the system and at key internal boundaries within the system; b. Implements subnetworks for publicly accessible system components that are [Selection: physically; logically] separated from internal organizational networks; and c. Connects to external networks or information systems only through managed interfaces consisting of boundary protection devices arranged in accordance with an organizational security architecture.";System and Communications Protection (SC);;;aws;;FAIL;Network ACL acl-0ab4dc19b8a45d225 has every port open to the Internet.;arn:aws:ec2:eu-north-1:334960985321:network-acl/acl-0ab4dc19b8a45d225;ec2_networkacl_allow_ingress_any_port;False;acl-0ab4dc19b8a45d225;FedRAMP-Low-Revision-4;FedRAMP Low Revision 4;
aws;The Federal Risk and Authorization Management Program (FedRAMP) was established in 2011. It provides a cost-effective, risk-based approach for the adoption and use of cloud services by the U.S. federal government. FedRAMP empowers federal agencies to use modern cloud technologies, with an emphasis on the security and protection of federal information.;334960985321;eu-north-1;2026-04-06 19:21:44.104332;ac-17;Authorize remote access systems prior to connection. Enforce remote connection requirements to information systems.;Access Control (AC);;;aws;;FAIL;Security group launch-wizard-8 (sg-093d3f8eb64dbbc44) has SSH port 22 open to the Internet.;arn:aws:ec2:eu-north-1:334960985321:security-group/sg-093d3f8eb64dbbc44;ec2_securitygroup_allow_ingress_from_internet_to_tcp_port_22;False;sg-093d3f8eb64dbbc44;FedRAMP-Low-Revision-4;FedRAMP Low Revision 4;
aws;The Federal Risk and Authorization Management Program (FedRAMP) was established in 2011. It provides a cost-effective, risk-based approach for the adoption and use of cloud services by the U.S. federal government. FedRAMP empowers federal agencies to use modern cloud technologies, with an emphasis on the security and protection of federal information.;334960985321;eu-north-1;2026-04-06 19:21:44.104332;cm-2;The organization develops, documents, and maintains under configuration control, a current baseline configuration of the information system.;Configuration Management (CM);;;aws;;FAIL;Security group launch-wizard-8 (sg-093d3f8eb64dbbc44) has SSH port 22 open to the Internet.;arn:aws:ec2:eu-north-1:334960985321:security-group/sg-093d3f8eb64dbbc44;ec2_securitygroup_allow_ingress_from_internet_to_tcp_port_22;False;sg-093d3f8eb64dbbc44;FedRAMP-Low-Revision-4;FedRAMP Low Revision 4;
aws;The Federal Risk and Authorization Management Program (FedRAMP) was established in 2011. It provides a cost-effective, risk-based approach for the adoption and use of cloud services by the U.S. federal government. FedRAMP empowers federal agencies to use modern cloud technologies, with an emphasis on the security and protection of federal information.;334960985321;eu-north-1;2026-04-06 19:21:44.104332;sc-7;"The information system: a. Monitors and controls communications at the external boundary of the system and at key internal boundaries within the system; b. Implements subnetworks for publicly accessible system components that are [Selection: physically; logically] separated from internal organizational networks; and c. Connects to external networks or information systems only through managed interfaces consisting of boundary protection devices arranged in accordance with an organizational security architecture.";System and Communications Protection (SC);;;aws;;FAIL;Security group launch-wizard-8 (sg-093d3f8eb64dbbc44) has SSH port 22 open to the Internet.;arn:aws:ec2:eu-north-1:334960985321:security-group/sg-093d3f8eb64dbbc44;ec2_securitygroup_allow_ingress_from_internet_to_tcp_port_22;False;sg-093d3f8eb64dbbc44;FedRAMP-Low-Revision-4;FedRAMP Low Revision 4;
aws;The Federal Risk and Authorization Management Program (FedRAMP) was established in 2011. It provides a cost-effective, risk-based approach for the adoption and use of cloud services by the U.S. federal government. FedRAMP empowers federal agencies to use modern cloud technologies, with an emphasis on the security and protection of federal information.;334960985321;eu-north-1;2026-04-06 19:21:44.104332;ac-2;Manage system accounts, group memberships, privileges, workflow, notifications, deactivations, and authorizations.;Access Control (AC);;;aws;;FAIL;GuardDuty is not enabled.;arn:aws:guardduty:eu-north-1:334960985321:detector/unknown;guardduty_is_enabled;False;detector/unknown;FedRAMP-Low-Revision-4;FedRAMP Low Revision 4;
aws;The Federal Risk and Authorization Management Program (FedRAMP) was established in 2011. It provides a cost-effective, risk-based approach for the adoption and use of cloud services by the U.S. federal government. FedRAMP empowers federal agencies to use modern cloud technologies, with an emphasis on the security and protection of federal information.;334960985321;eu-north-1;2026-04-06 19:21:44.104332;ac-17;Authorize remote access systems prior to connection. Enforce remote connection requirements to information systems.;Access Control (AC);;;aws;;FAIL;GuardDuty is not enabled.;arn:aws:guardduty:eu-north-1:334960985321:detector/unknown;guardduty_is_enabled;False;detector/unknown;FedRAMP-Low-Revision-4;FedRAMP Low Revision 4;
aws;The Federal Risk and Authorization Management Program (FedRAMP) was established in 2011. It provides a cost-effective, risk-based approach for the adoption and use of cloud services by the U.S. federal government. FedRAMP empowers federal agencies to use modern cloud technologies, with an emphasis on the security and protection of federal information.;334960985321;eu-north-1;2026-04-06 19:21:44.104332;ca-7;Continuously monitor configuration management processes. Determine security impact, environment and operational risks.;Security Assessment And Authorization (CA);;;aws;;FAIL;GuardDuty is not enabled.;arn:aws:guardduty:eu-north-1:334960985321:detector/unknown;guardduty_is_enabled;False;detector/unknown;FedRAMP-Low-Revision-4;FedRAMP Low Revision 4;
aws;The Federal Risk and Authorization Management Program (FedRAMP) was established in 2011. It provides a cost-effective, risk-based approach for the adoption and use of cloud services by the U.S. federal government. FedRAMP empowers federal agencies to use modern cloud technologies, with an emphasis on the security and protection of federal information.;334960985321;eu-north-1;2026-04-06 19:21:44.104332;cm-8;The organization develops and documents an inventory of information system components that accurately reflects the current information system, includes all components within the authorization boundary of the information system, is at the level of granularity deemed necessary for tracking and reporting and reviews and updates the information system component inventory.;Configuration Management (CM);;;aws;;FAIL;GuardDuty is not enabled.;arn:aws:guardduty:eu-north-1:334960985321:detector/unknown;guardduty_is_enabled;False;detector/unknown;FedRAMP-Low-Revision-4;FedRAMP Low Revision 4;
aws;The Federal Risk and Authorization Management Program (FedRAMP) was established in 2011. It provides a cost-effective, risk-based approach for the adoption and use of cloud services by the U.S. federal government. FedRAMP empowers federal agencies to use modern cloud technologies, with an emphasis on the security and protection of federal information.;334960985321;eu-north-1;2026-04-06 19:21:44.104332;ir-4;The organization implements an incident handling capability for security incidents that includes preparation, detection and analysis, containment, eradication, and recovery, coordinates incident handling activities with contingency planning activities and incorporates lessons learned from ongoing incident handling activities into incident response procedures, training, and testing, and implements the resulting changes accordingly.;Incident Response (IR);;;aws;;FAIL;GuardDuty is not enabled.;arn:aws:guardduty:eu-north-1:334960985321:detector/unknown;guardduty_is_enabled;False;detector/unknown;FedRAMP-Low-Revision-4;FedRAMP Low Revision 4;
aws;The Federal Risk and Authorization Management Program (FedRAMP) was established in 2011. It provides a cost-effective, risk-based approach for the adoption and use of cloud services by the U.S. federal government. FedRAMP empowers federal agencies to use modern cloud technologies, with an emphasis on the security and protection of federal information.;334960985321;eu-north-1;2026-04-06 19:21:44.104332;sc-5;The information system protects against or limits the effects of the following types of denial of service attacks: [Assignment: organization-defined types of denial of service attacks or references to sources for such information] by employing [Assignment: organization-defined security safeguards].;System and Communications Protection (SC);;;aws;;FAIL;GuardDuty is not enabled.;arn:aws:guardduty:eu-north-1:334960985321:detector/unknown;guardduty_is_enabled;False;detector/unknown;FedRAMP-Low-Revision-4;FedRAMP Low Revision 4;
aws;The Federal Risk and Authorization Management Program (FedRAMP) was established in 2011. It provides a cost-effective, risk-based approach for the adoption and use of cloud services by the U.S. federal government. FedRAMP empowers federal agencies to use modern cloud technologies, with an emphasis on the security and protection of federal information.;334960985321;eu-north-1;2026-04-06 19:21:44.104332;ac-2;Manage system accounts, group memberships, privileges, workflow, notifications, deactivations, and authorizations.;Access Control (AC);;;aws;;PASS;AWS policy AmazonECSServiceRolePolicy is attached but does not allow '*:*' administrative privileges.;arn:aws:iam::aws:policy/aws-service-role/AmazonECSServiceRolePolicy;iam_aws_attached_policy_no_administrative_privileges;False;AmazonECSServiceRolePolicy;FedRAMP-Low-Revision-4;FedRAMP Low Revision 4;
aws;The Federal Risk and Authorization Management Program (FedRAMP) was established in 2011. It provides a cost-effective, risk-based approach for the adoption and use of cloud services by the U.S. federal government. FedRAMP empowers federal agencies to use modern cloud technologies, with an emphasis on the security and protection of federal information.;334960985321;eu-north-1;2026-04-06 19:21:44.104332;ac-3;The information system enforces approved authorizations for logical access to information and system resources in accordance with applicable access control policies.;Access Control (AC);;;aws;;PASS;AWS policy AmazonECSServiceRolePolicy is attached but does not allow '*:*' administrative privileges.;arn:aws:iam::aws:policy/aws-service-role/AmazonECSServiceRolePolicy;iam_aws_attached_policy_no_administrative_privileges;False;AmazonECSServiceRolePolicy;FedRAMP-Low-Revision-4;FedRAMP Low Revision 4;
aws;The Federal Risk and Authorization Management Program (FedRAMP) was established in 2011. It provides a cost-effective, risk-based approach for the adoption and use of cloud services by the U.S. federal government. FedRAMP empowers federal agencies to use modern cloud technologies, with an emphasis on the security and protection of federal information.;334960985321;eu-north-1;2026-04-06 19:21:44.104332;ac-2;Manage system accounts, group memberships, privileges, workflow, notifications, deactivations, and authorizations.;Access Control (AC);;;aws;;PASS;AWS policy AWSTrustedAdvisorServiceRolePolicy is attached but does not allow '*:*' administrative privileges.;arn:aws:iam::aws:policy/aws-service-role/AWSTrustedAdvisorServiceRolePolicy;iam_aws_attached_policy_no_administrative_privileges;False;AWSTrustedAdvisorServiceRolePolicy;FedRAMP-Low-Revision-4;FedRAMP Low Revision 4;
aws;The Federal Risk and Authorization Management Program (FedRAMP) was established in 2011. It provides a cost-effective, risk-based approach for the adoption and use of cloud services by the U.S. federal government. FedRAMP empowers federal agencies to use modern cloud technologies, with an emphasis on the security and protection of federal information.;334960985321;eu-north-1;2026-04-06 19:21:44.104332;ac-3;The information system enforces approved authorizations for logical access to information and system resources in accordance with applicable access control policies.;Access Control (AC);;;aws;;PASS;AWS policy AWSTrustedAdvisorServiceRolePolicy is attached but does not allow '*:*' administrative privileges.;arn:aws:iam::aws:policy/aws-service-role/AWSTrustedAdvisorServiceRolePolicy;iam_aws_attached_policy_no_administrative_privileges;False;AWSTrustedAdvisorServiceRolePolicy;FedRAMP-Low-Revision-4;FedRAMP Low Revision 4;
aws;The Federal Risk and Authorization Management Program (FedRAMP) was established in 2011. It provides a cost-effective, risk-based approach for the adoption and use of cloud services by the U.S. federal government. FedRAMP empowers federal agencies to use modern cloud technologies, with an emphasis on the security and protection of federal information.;334960985321;eu-north-1;2026-04-06 19:21:44.104332;ac-2;Manage system accounts, group memberships, privileges, workflow, notifications, deactivations, and authorizations.;Access Control (AC);;;aws;;FAIL;AWS policy AdministratorAccess is attached and allows '*:*' administrative privileges.;arn:aws:iam::aws:policy/AdministratorAccess;iam_aws_attached_policy_no_administrative_privileges;False;AdministratorAccess;FedRAMP-Low-Revision-4;FedRAMP Low Revision 4;
aws;The Federal Risk and Authorization Management Program (FedRAMP) was established in 2011. It provides a cost-effective, risk-based approach for the adoption and use of cloud services by the U.S. federal government. FedRAMP empowers federal agencies to use modern cloud technologies, with an emphasis on the security and protection of federal information.;334960985321;eu-north-1;2026-04-06 19:21:44.104332;ac-3;The information system enforces approved authorizations for logical access to information and system resources in accordance with applicable access control policies.;Access Control (AC);;;aws;;FAIL;AWS policy AdministratorAccess is attached and allows '*:*' administrative privileges.;arn:aws:iam::aws:policy/AdministratorAccess;iam_aws_attached_policy_no_administrative_privileges;False;AdministratorAccess;FedRAMP-Low-Revision-4;FedRAMP Low Revision 4;
aws;The Federal Risk and Authorization Management Program (FedRAMP) was established in 2011. It provides a cost-effective, risk-based approach for the adoption and use of cloud services by the U.S. federal government. FedRAMP empowers federal agencies to use modern cloud technologies, with an emphasis on the security and protection of federal information.;334960985321;eu-north-1;2026-04-06 19:21:44.104332;ac-2;Manage system accounts, group memberships, privileges, workflow, notifications, deactivations, and authorizations.;Access Control (AC);;;aws;;PASS;AWS policy AWSSupportServiceRolePolicy is attached but does not allow '*:*' administrative privileges.;arn:aws:iam::aws:policy/aws-service-role/AWSSupportServiceRolePolicy;iam_aws_attached_policy_no_administrative_privileges;False;AWSSupportServiceRolePolicy;FedRAMP-Low-Revision-4;FedRAMP Low Revision 4;
aws;The Federal Risk and Authorization Management Program (FedRAMP) was established in 2011. It provides a cost-effective, risk-based approach for the adoption and use of cloud services by the U.S. federal government. FedRAMP empowers federal agencies to use modern cloud technologies, with an emphasis on the security and protection of federal information.;334960985321;eu-north-1;2026-04-06 19:21:44.104332;ac-3;The information system enforces approved authorizations for logical access to information and system resources in accordance with applicable access control policies.;Access Control (AC);;;aws;;PASS;AWS policy AWSSupportServiceRolePolicy is attached but does not allow '*:*' administrative privileges.;arn:aws:iam::aws:policy/aws-service-role/AWSSupportServiceRolePolicy;iam_aws_attached_policy_no_administrative_privileges;False;AWSSupportServiceRolePolicy;FedRAMP-Low-Revision-4;FedRAMP Low Revision 4;
aws;The Federal Risk and Authorization Management Program (FedRAMP) was established in 2011. It provides a cost-effective, risk-based approach for the adoption and use of cloud services by the U.S. federal government. FedRAMP empowers federal agencies to use modern cloud technologies, with an emphasis on the security and protection of federal information.;334960985321;eu-north-1;2026-04-06 19:21:44.104332;ac-2;Manage system accounts, group memberships, privileges, workflow, notifications, deactivations, and authorizations.;Access Control (AC);;;aws;;PASS;AWS policy ViewOnlyAccess is attached but does not allow '*:*' administrative privileges.;arn:aws:iam::aws:policy/job-function/ViewOnlyAccess;iam_aws_attached_policy_no_administrative_privileges;False;ViewOnlyAccess;FedRAMP-Low-Revision-4;FedRAMP Low Revision 4;
aws;The Federal Risk and Authorization Management Program (FedRAMP) was established in 2011. It provides a cost-effective, risk-based approach for the adoption and use of cloud services by the U.S. federal government. FedRAMP empowers federal agencies to use modern cloud technologies, with an emphasis on the security and protection of federal information.;334960985321;eu-north-1;2026-04-06 19:21:44.104332;ac-3;The information system enforces approved authorizations for logical access to information and system resources in accordance with applicable access control policies.;Access Control (AC);;;aws;;PASS;AWS policy ViewOnlyAccess is attached but does not allow '*:*' administrative privileges.;arn:aws:iam::aws:policy/job-function/ViewOnlyAccess;iam_aws_attached_policy_no_administrative_privileges;False;ViewOnlyAccess;FedRAMP-Low-Revision-4;FedRAMP Low Revision 4;
aws;The Federal Risk and Authorization Management Program (FedRAMP) was established in 2011. It provides a cost-effective, risk-based approach for the adoption and use of cloud services by the U.S. federal government. FedRAMP empowers federal agencies to use modern cloud technologies, with an emphasis on the security and protection of federal information.;334960985321;eu-north-1;2026-04-06 19:21:44.104332;ac-2;Manage system accounts, group memberships, privileges, workflow, notifications, deactivations, and authorizations.;Access Control (AC);;;aws;;PASS;AWS policy SecurityAudit is attached but does not allow '*:*' administrative privileges.;arn:aws:iam::aws:policy/SecurityAudit;iam_aws_attached_policy_no_administrative_privileges;False;SecurityAudit;FedRAMP-Low-Revision-4;FedRAMP Low Revision 4;
aws;The Federal Risk and Authorization Management Program (FedRAMP) was established in 2011. It provides a cost-effective, risk-based approach for the adoption and use of cloud services by the U.S. federal government. FedRAMP empowers federal agencies to use modern cloud technologies, with an emphasis on the security and protection of federal information.;334960985321;eu-north-1;2026-04-06 19:21:44.104332;ac-3;The information system enforces approved authorizations for logical access to information and system resources in accordance with applicable access control policies.;Access Control (AC);;;aws;;PASS;AWS policy SecurityAudit is attached but does not allow '*:*' administrative privileges.;arn:aws:iam::aws:policy/SecurityAudit;iam_aws_attached_policy_no_administrative_privileges;False;SecurityAudit;FedRAMP-Low-Revision-4;FedRAMP Low Revision 4;
aws;The Federal Risk and Authorization Management Program (FedRAMP) was established in 2011. It provides a cost-effective, risk-based approach for the adoption and use of cloud services by the U.S. federal government. FedRAMP empowers federal agencies to use modern cloud technologies, with an emphasis on the security and protection of federal information.;334960985321;eu-north-1;2026-04-06 19:21:44.104332;ac-2;Manage system accounts, group memberships, privileges, workflow, notifications, deactivations, and authorizations.;Access Control (AC);;;aws;;PASS;AWS policy AWSResourceExplorerServiceRolePolicy is attached but does not allow '*:*' administrative privileges.;arn:aws:iam::aws:policy/aws-service-role/AWSResourceExplorerServiceRolePolicy;iam_aws_attached_policy_no_administrative_privileges;False;AWSResourceExplorerServiceRolePolicy;FedRAMP-Low-Revision-4;FedRAMP Low Revision 4;
aws;The Federal Risk and Authorization Management Program (FedRAMP) was established in 2011. It provides a cost-effective, risk-based approach for the adoption and use of cloud services by the U.S. federal government. FedRAMP empowers federal agencies to use modern cloud technologies, with an emphasis on the security and protection of federal information.;334960985321;eu-north-1;2026-04-06 19:21:44.104332;ac-3;The information system enforces approved authorizations for logical access to information and system resources in accordance with applicable access control policies.;Access Control (AC);;;aws;;PASS;AWS policy AWSResourceExplorerServiceRolePolicy is attached but does not allow '*:*' administrative privileges.;arn:aws:iam::aws:policy/aws-service-role/AWSResourceExplorerServiceRolePolicy;iam_aws_attached_policy_no_administrative_privileges;False;AWSResourceExplorerServiceRolePolicy;FedRAMP-Low-Revision-4;FedRAMP Low Revision 4;
aws;The Federal Risk and Authorization Management Program (FedRAMP) was established in 2011. It provides a cost-effective, risk-based approach for the adoption and use of cloud services by the U.S. federal government. FedRAMP empowers federal agencies to use modern cloud technologies, with an emphasis on the security and protection of federal information.;334960985321;eu-north-1;2026-04-06 19:21:44.104332;ac-2;Manage system accounts, group memberships, privileges, workflow, notifications, deactivations, and authorizations.;Access Control (AC);;;aws;;PASS;Root account does not have access keys.;arn:aws:iam::334960985321:root;iam_no_root_access_key;False;<root_account>;FedRAMP-Low-Revision-4;FedRAMP Low Revision 4;
aws;The Federal Risk and Authorization Management Program (FedRAMP) was established in 2011. It provides a cost-effective, risk-based approach for the adoption and use of cloud services by the U.S. federal government. FedRAMP empowers federal agencies to use modern cloud technologies, with an emphasis on the security and protection of federal information.;334960985321;eu-north-1;2026-04-06 19:21:44.104332;ac-3;The information system enforces approved authorizations for logical access to information and system resources in accordance with applicable access control policies.;Access Control (AC);;;aws;;PASS;Root account does not have access keys.;arn:aws:iam::334960985321:root;iam_no_root_access_key;False;<root_account>;FedRAMP-Low-Revision-4;FedRAMP Low Revision 4;
aws;The Federal Risk and Authorization Management Program (FedRAMP) was established in 2011. It provides a cost-effective, risk-based approach for the adoption and use of cloud services by the U.S. federal government. FedRAMP empowers federal agencies to use modern cloud technologies, with an emphasis on the security and protection of federal information.;334960985321;eu-north-1;2026-04-06 19:21:44.104332;ia-2;The information system uniquely identifies and authenticates organizational users (or processes acting on behalf of organizational users).;Identification and Authentication (IA);;;aws;;PASS;Root account does not have access keys.;arn:aws:iam::334960985321:root;iam_no_root_access_key;False;<root_account>;FedRAMP-Low-Revision-4;FedRAMP Low Revision 4;
aws;The Federal Risk and Authorization Management Program (FedRAMP) was established in 2011. It provides a cost-effective, risk-based approach for the adoption and use of cloud services by the U.S. federal government. FedRAMP empowers federal agencies to use modern cloud technologies, with an emphasis on the security and protection of federal information.;334960985321;eu-north-1;2026-04-06 19:21:44.104332;ac-2;Manage system accounts, group memberships, privileges, workflow, notifications, deactivations, and authorizations.;Access Control (AC);;;aws;;FAIL;IAM password policy does not require minimum length of 14 characters.;arn:aws:iam:eu-north-1:334960985321:password-policy;iam_password_policy_minimum_length_14;False;334960985321;FedRAMP-Low-Revision-4;FedRAMP Low Revision 4;
aws;The Federal Risk and Authorization Management Program (FedRAMP) was established in 2011. It provides a cost-effective, risk-based approach for the adoption and use of cloud services by the U.S. federal government. FedRAMP empowers federal agencies to use modern cloud technologies, with an emphasis on the security and protection of federal information.;334960985321;eu-north-1;2026-04-06 19:21:44.104332;ia-2;The information system uniquely identifies and authenticates organizational users (or processes acting on behalf of organizational users).;Identification and Authentication (IA);;;aws;;FAIL;IAM password policy does not require minimum length of 14 characters.;arn:aws:iam:eu-north-1:334960985321:password-policy;iam_password_policy_minimum_length_14;False;334960985321;FedRAMP-Low-Revision-4;FedRAMP Low Revision 4;
aws;The Federal Risk and Authorization Management Program (FedRAMP) was established in 2011. It provides a cost-effective, risk-based approach for the adoption and use of cloud services by the U.S. federal government. FedRAMP empowers federal agencies to use modern cloud technologies, with an emphasis on the security and protection of federal information.;334960985321;eu-north-1;2026-04-06 19:21:44.104332;ac-2;Manage system accounts, group memberships, privileges, workflow, notifications, deactivations, and authorizations.;Access Control (AC);;;aws;;PASS;User hussain has no inline or attached policies.;arn:aws:iam::334960985321:user/hussain;iam_policy_attached_only_to_group_or_roles;False;hussain;FedRAMP-Low-Revision-4;FedRAMP Low Revision 4;
aws;The Federal Risk and Authorization Management Program (FedRAMP) was established in 2011. It provides a cost-effective, risk-based approach for the adoption and use of cloud services by the U.S. federal government. FedRAMP empowers federal agencies to use modern cloud technologies, with an emphasis on the security and protection of federal information.;334960985321;eu-north-1;2026-04-06 19:21:44.104332;ac-3;The information system enforces approved authorizations for logical access to information and system resources in accordance with applicable access control policies.;Access Control (AC);;;aws;;PASS;User hussain has no inline or attached policies.;arn:aws:iam::334960985321:user/hussain;iam_policy_attached_only_to_group_or_roles;False;hussain;FedRAMP-Low-Revision-4;FedRAMP Low Revision 4;
aws;The Federal Risk and Authorization Management Program (FedRAMP) was established in 2011. It provides a cost-effective, risk-based approach for the adoption and use of cloud services by the U.S. federal government. FedRAMP empowers federal agencies to use modern cloud technologies, with an emphasis on the security and protection of federal information.;334960985321;eu-north-1;2026-04-06 19:21:44.104332;ac-2;Manage system accounts, group memberships, privileges, workflow, notifications, deactivations, and authorizations.;Access Control (AC);;;aws;;FAIL;User sec-user has the policy ViewOnlyAccess attached.;arn:aws:iam::334960985321:user/sec-user;iam_policy_attached_only_to_group_or_roles;False;sec-user/ViewOnlyAccess;FedRAMP-Low-Revision-4;FedRAMP Low Revision 4;
aws;The Federal Risk and Authorization Management Program (FedRAMP) was established in 2011. It provides a cost-effective, risk-based approach for the adoption and use of cloud services by the U.S. federal government. FedRAMP empowers federal agencies to use modern cloud technologies, with an emphasis on the security and protection of federal information.;334960985321;eu-north-1;2026-04-06 19:21:44.104332;ac-3;The information system enforces approved authorizations for logical access to information and system resources in accordance with applicable access control policies.;Access Control (AC);;;aws;;FAIL;User sec-user has the policy ViewOnlyAccess attached.;arn:aws:iam::334960985321:user/sec-user;iam_policy_attached_only_to_group_or_roles;False;sec-user/ViewOnlyAccess;FedRAMP-Low-Revision-4;FedRAMP Low Revision 4;
aws;The Federal Risk and Authorization Management Program (FedRAMP) was established in 2011. It provides a cost-effective, risk-based approach for the adoption and use of cloud services by the U.S. federal government. FedRAMP empowers federal agencies to use modern cloud technologies, with an emphasis on the security and protection of federal information.;334960985321;eu-north-1;2026-04-06 19:21:44.104332;ac-2;Manage system accounts, group memberships, privileges, workflow, notifications, deactivations, and authorizations.;Access Control (AC);;;aws;;FAIL;User sec-user has the policy SecurityAudit attached.;arn:aws:iam::334960985321:user/sec-user;iam_policy_attached_only_to_group_or_roles;False;sec-user/SecurityAudit;FedRAMP-Low-Revision-4;FedRAMP Low Revision 4;
aws;The Federal Risk and Authorization Management Program (FedRAMP) was established in 2011. It provides a cost-effective, risk-based approach for the adoption and use of cloud services by the U.S. federal government. FedRAMP empowers federal agencies to use modern cloud technologies, with an emphasis on the security and protection of federal information.;334960985321;eu-north-1;2026-04-06 19:21:44.104332;ac-3;The information system enforces approved authorizations for logical access to information and system resources in accordance with applicable access control policies.;Access Control (AC);;;aws;;FAIL;User sec-user has the policy SecurityAudit attached.;arn:aws:iam::334960985321:user/sec-user;iam_policy_attached_only_to_group_or_roles;False;sec-user/SecurityAudit;FedRAMP-Low-Revision-4;FedRAMP Low Revision 4;
aws;The Federal Risk and Authorization Management Program (FedRAMP) was established in 2011. It provides a cost-effective, risk-based approach for the adoption and use of cloud services by the U.S. federal government. FedRAMP empowers federal agencies to use modern cloud technologies, with an emphasis on the security and protection of federal information.;334960985321;eu-north-1;2026-04-06 19:21:44.104332;ac-2;Manage system accounts, group memberships, privileges, workflow, notifications, deactivations, and authorizations.;Access Control (AC);;;aws;;FAIL;Root account has a virtual MFA instead of a hardware MFA device enabled.;arn:aws:iam::334960985321:mfa;iam_root_hardware_mfa_enabled;False;<root_account>;FedRAMP-Low-Revision-4;FedRAMP Low Revision 4;
aws;The Federal Risk and Authorization Management Program (FedRAMP) was established in 2011. It provides a cost-effective, risk-based approach for the adoption and use of cloud services by the U.S. federal government. FedRAMP empowers federal agencies to use modern cloud technologies, with an emphasis on the security and protection of federal information.;334960985321;eu-north-1;2026-04-06 19:21:44.104332;ia-2;The information system uniquely identifies and authenticates organizational users (or processes acting on behalf of organizational users).;Identification and Authentication (IA);;;aws;;FAIL;Root account has a virtual MFA instead of a hardware MFA device enabled.;arn:aws:iam::334960985321:mfa;iam_root_hardware_mfa_enabled;False;<root_account>;FedRAMP-Low-Revision-4;FedRAMP Low Revision 4;
aws;The Federal Risk and Authorization Management Program (FedRAMP) was established in 2011. It provides a cost-effective, risk-based approach for the adoption and use of cloud services by the U.S. federal government. FedRAMP empowers federal agencies to use modern cloud technologies, with an emphasis on the security and protection of federal information.;334960985321;eu-north-1;2026-04-06 19:21:44.104332;ac-2;Manage system accounts, group memberships, privileges, workflow, notifications, deactivations, and authorizations.;Access Control (AC);;;aws;;PASS;MFA is enabled for root account.;arn:aws:iam::334960985321:root;iam_root_mfa_enabled;False;<root_account>;FedRAMP-Low-Revision-4;FedRAMP Low Revision 4;
aws;The Federal Risk and Authorization Management Program (FedRAMP) was established in 2011. It provides a cost-effective, risk-based approach for the adoption and use of cloud services by the U.S. federal government. FedRAMP empowers federal agencies to use modern cloud technologies, with an emphasis on the security and protection of federal information.;334960985321;eu-north-1;2026-04-06 19:21:44.104332;ia-2;The information system uniquely identifies and authenticates organizational users (or processes acting on behalf of organizational users).;Identification and Authentication (IA);;;aws;;PASS;MFA is enabled for root account.;arn:aws:iam::334960985321:root;iam_root_mfa_enabled;False;<root_account>;FedRAMP-Low-Revision-4;FedRAMP Low Revision 4;
aws;The Federal Risk and Authorization Management Program (FedRAMP) was established in 2011. It provides a cost-effective, risk-based approach for the adoption and use of cloud services by the U.S. federal government. FedRAMP empowers federal agencies to use modern cloud technologies, with an emphasis on the security and protection of federal information.;334960985321;eu-north-1;2026-04-06 19:21:44.104332;ac-2;Manage system accounts, group memberships, privileges, workflow, notifications, deactivations, and authorizations.;Access Control (AC);;;aws;;PASS;User <root_account> does not have access keys.;arn:aws:iam::334960985321:root;iam_rotate_access_key_90_days;False;<root_account>;FedRAMP-Low-Revision-4;FedRAMP Low Revision 4;
aws;The Federal Risk and Authorization Management Program (FedRAMP) was established in 2011. It provides a cost-effective, risk-based approach for the adoption and use of cloud services by the U.S. federal government. FedRAMP empowers federal agencies to use modern cloud technologies, with an emphasis on the security and protection of federal information.;334960985321;eu-north-1;2026-04-06 19:21:44.104332;ac-2;Manage system accounts, group memberships, privileges, workflow, notifications, deactivations, and authorizations.;Access Control (AC);;;aws;;PASS;User hussain does not have access keys older than 90 days.;arn:aws:iam::334960985321:user/hussain;iam_rotate_access_key_90_days;False;hussain;FedRAMP-Low-Revision-4;FedRAMP Low Revision 4;
aws;The Federal Risk and Authorization Management Program (FedRAMP) was established in 2011. It provides a cost-effective, risk-based approach for the adoption and use of cloud services by the U.S. federal government. FedRAMP empowers federal agencies to use modern cloud technologies, with an emphasis on the security and protection of federal information.;334960985321;eu-north-1;2026-04-06 19:21:44.104332;ac-2;Manage system accounts, group memberships, privileges, workflow, notifications, deactivations, and authorizations.;Access Control (AC);;;aws;;PASS;User sec-user does not have access keys older than 90 days.;arn:aws:iam::334960985321:user/sec-user;iam_rotate_access_key_90_days;False;sec-user;FedRAMP-Low-Revision-4;FedRAMP Low Revision 4;
aws;The Federal Risk and Authorization Management Program (FedRAMP) was established in 2011. It provides a cost-effective, risk-based approach for the adoption and use of cloud services by the U.S. federal government. FedRAMP empowers federal agencies to use modern cloud technologies, with an emphasis on the security and protection of federal information.;334960985321;eu-north-1;2026-04-06 19:21:44.104332;ac-2;Manage system accounts, group memberships, privileges, workflow, notifications, deactivations, and authorizations.;Access Control (AC);;;aws;;PASS;User <root_account> does not have access keys.;arn:aws:iam::334960985321:root;iam_user_accesskey_unused;False;<root_account>;FedRAMP-Low-Revision-4;FedRAMP Low Revision 4;
aws;The Federal Risk and Authorization Management Program (FedRAMP) was established in 2011. It provides a cost-effective, risk-based approach for the adoption and use of cloud services by the U.S. federal government. FedRAMP empowers federal agencies to use modern cloud technologies, with an emphasis on the security and protection of federal information.;334960985321;eu-north-1;2026-04-06 19:21:44.104332;ac-3;The information system enforces approved authorizations for logical access to information and system resources in accordance with applicable access control policies.;Access Control (AC);;;aws;;PASS;User <root_account> does not have access keys.;arn:aws:iam::334960985321:root;iam_user_accesskey_unused;False;<root_account>;FedRAMP-Low-Revision-4;FedRAMP Low Revision 4;
aws;The Federal Risk and Authorization Management Program (FedRAMP) was established in 2011. It provides a cost-effective, risk-based approach for the adoption and use of cloud services by the U.S. federal government. FedRAMP empowers federal agencies to use modern cloud technologies, with an emphasis on the security and protection of federal information.;334960985321;eu-north-1;2026-04-06 19:21:44.104332;ac-2;Manage system accounts, group memberships, privileges, workflow, notifications, deactivations, and authorizations.;Access Control (AC);;;aws;;PASS;User hussain does not have unused access keys for 45 days.;arn:aws:iam::334960985321:user/hussain;iam_user_accesskey_unused;False;hussain;FedRAMP-Low-Revision-4;FedRAMP Low Revision 4;
aws;The Federal Risk and Authorization Management Program (FedRAMP) was established in 2011. It provides a cost-effective, risk-based approach for the adoption and use of cloud services by the U.S. federal government. FedRAMP empowers federal agencies to use modern cloud technologies, with an emphasis on the security and protection of federal information.;334960985321;eu-north-1;2026-04-06 19:21:44.104332;ac-3;The information system enforces approved authorizations for logical access to information and system resources in accordance with applicable access control policies.;Access Control (AC);;;aws;;PASS;User hussain does not have unused access keys for 45 days.;arn:aws:iam::334960985321:user/hussain;iam_user_accesskey_unused;False;hussain;FedRAMP-Low-Revision-4;FedRAMP Low Revision 4;
aws;The Federal Risk and Authorization Management Program (FedRAMP) was established in 2011. It provides a cost-effective, risk-based approach for the adoption and use of cloud services by the U.S. federal government. FedRAMP empowers federal agencies to use modern cloud technologies, with an emphasis on the security and protection of federal information.;334960985321;eu-north-1;2026-04-06 19:21:44.104332;ac-2;Manage system accounts, group memberships, privileges, workflow, notifications, deactivations, and authorizations.;Access Control (AC);;;aws;;PASS;User sec-user does not have unused access keys for 45 days.;arn:aws:iam::334960985321:user/sec-user;iam_user_accesskey_unused;False;sec-user;FedRAMP-Low-Revision-4;FedRAMP Low Revision 4;
aws;The Federal Risk and Authorization Management Program (FedRAMP) was established in 2011. It provides a cost-effective, risk-based approach for the adoption and use of cloud services by the U.S. federal government. FedRAMP empowers federal agencies to use modern cloud technologies, with an emphasis on the security and protection of federal information.;334960985321;eu-north-1;2026-04-06 19:21:44.104332;ac-3;The information system enforces approved authorizations for logical access to information and system resources in accordance with applicable access control policies.;Access Control (AC);;;aws;;PASS;User sec-user does not have unused access keys for 45 days.;arn:aws:iam::334960985321:user/sec-user;iam_user_accesskey_unused;False;sec-user;FedRAMP-Low-Revision-4;FedRAMP Low Revision 4;
aws;The Federal Risk and Authorization Management Program (FedRAMP) was established in 2011. It provides a cost-effective, risk-based approach for the adoption and use of cloud services by the U.S. federal government. FedRAMP empowers federal agencies to use modern cloud technologies, with an emphasis on the security and protection of federal information.;334960985321;eu-north-1;2026-04-06 19:21:44.104332;ac-2;Manage system accounts, group memberships, privileges, workflow, notifications, deactivations, and authorizations.;Access Control (AC);;;aws;;FAIL;User hussain has not logged in to the console in the past 45 days (319 days).;arn:aws:iam::334960985321:user/hussain;iam_user_console_access_unused;False;hussain;FedRAMP-Low-Revision-4;FedRAMP Low Revision 4;
aws;The Federal Risk and Authorization Management Program (FedRAMP) was established in 2011. It provides a cost-effective, risk-based approach for the adoption and use of cloud services by the U.S. federal government. FedRAMP empowers federal agencies to use modern cloud technologies, with an emphasis on the security and protection of federal information.;334960985321;eu-north-1;2026-04-06 19:21:44.104332;ac-3;The information system enforces approved authorizations for logical access to information and system resources in accordance with applicable access control policies.;Access Control (AC);;;aws;;FAIL;User hussain has not logged in to the console in the past 45 days (319 days).;arn:aws:iam::334960985321:user/hussain;iam_user_console_access_unused;False;hussain;FedRAMP-Low-Revision-4;FedRAMP Low Revision 4;
aws;The Federal Risk and Authorization Management Program (FedRAMP) was established in 2011. It provides a cost-effective, risk-based approach for the adoption and use of cloud services by the U.S. federal government. FedRAMP empowers federal agencies to use modern cloud technologies, with an emphasis on the security and protection of federal information.;334960985321;eu-north-1;2026-04-06 19:21:44.104332;ac-2;Manage system accounts, group memberships, privileges, workflow, notifications, deactivations, and authorizations.;Access Control (AC);;;aws;;PASS;User sec-user does not have console access enabled or is unused.;arn:aws:iam::334960985321:user/sec-user;iam_user_console_access_unused;False;sec-user;FedRAMP-Low-Revision-4;FedRAMP Low Revision 4;
aws;The Federal Risk and Authorization Management Program (FedRAMP) was established in 2011. It provides a cost-effective, risk-based approach for the adoption and use of cloud services by the U.S. federal government. FedRAMP empowers federal agencies to use modern cloud technologies, with an emphasis on the security and protection of federal information.;334960985321;eu-north-1;2026-04-06 19:21:44.104332;ac-3;The information system enforces approved authorizations for logical access to information and system resources in accordance with applicable access control policies.;Access Control (AC);;;aws;;PASS;User sec-user does not have console access enabled or is unused.;arn:aws:iam::334960985321:user/sec-user;iam_user_console_access_unused;False;sec-user;FedRAMP-Low-Revision-4;FedRAMP Low Revision 4;
aws;The Federal Risk and Authorization Management Program (FedRAMP) was established in 2011. It provides a cost-effective, risk-based approach for the adoption and use of cloud services by the U.S. federal government. FedRAMP empowers federal agencies to use modern cloud technologies, with an emphasis on the security and protection of federal information.;334960985321;eu-north-1;2026-04-06 19:21:44.104332;ac-2;Manage system accounts, group memberships, privileges, workflow, notifications, deactivations, and authorizations.;Access Control (AC);;;aws;;FAIL;User hussain does not have any type of MFA enabled.;arn:aws:iam::334960985321:user/hussain;iam_user_hardware_mfa_enabled;False;hussain;FedRAMP-Low-Revision-4;FedRAMP Low Revision 4;
aws;The Federal Risk and Authorization Management Program (FedRAMP) was established in 2011. It provides a cost-effective, risk-based approach for the adoption and use of cloud services by the U.S. federal government. FedRAMP empowers federal agencies to use modern cloud technologies, with an emphasis on the security and protection of federal information.;334960985321;eu-north-1;2026-04-06 19:21:44.104332;ac-2;Manage system accounts, group memberships, privileges, workflow, notifications, deactivations, and authorizations.;Access Control (AC);;;aws;;FAIL;User sec-user does not have any type of MFA enabled.;arn:aws:iam::334960985321:user/sec-user;iam_user_hardware_mfa_enabled;False;sec-user;FedRAMP-Low-Revision-4;FedRAMP Low Revision 4;
aws;The Federal Risk and Authorization Management Program (FedRAMP) was established in 2011. It provides a cost-effective, risk-based approach for the adoption and use of cloud services by the U.S. federal government. FedRAMP empowers federal agencies to use modern cloud technologies, with an emphasis on the security and protection of federal information.;334960985321;eu-north-1;2026-04-06 19:21:44.104332;ac-2;Manage system accounts, group memberships, privileges, workflow, notifications, deactivations, and authorizations.;Access Control (AC);;;aws;;FAIL;User hussain has Console Password enabled but MFA disabled.;arn:aws:iam::334960985321:user/hussain;iam_user_mfa_enabled_console_access;False;hussain;FedRAMP-Low-Revision-4;FedRAMP Low Revision 4;
aws;The Federal Risk and Authorization Management Program (FedRAMP) was established in 2011. It provides a cost-effective, risk-based approach for the adoption and use of cloud services by the U.S. federal government. FedRAMP empowers federal agencies to use modern cloud technologies, with an emphasis on the security and protection of federal information.;334960985321;eu-north-1;2026-04-06 19:21:44.104332;ia-2;The information system uniquely identifies and authenticates organizational users (or processes acting on behalf of organizational users).;Identification and Authentication (IA);;;aws;;FAIL;User hussain has Console Password enabled but MFA disabled.;arn:aws:iam::334960985321:user/hussain;iam_user_mfa_enabled_console_access;False;hussain;FedRAMP-Low-Revision-4;FedRAMP Low Revision 4;
aws;The Federal Risk and Authorization Management Program (FedRAMP) was established in 2011. It provides a cost-effective, risk-based approach for the adoption and use of cloud services by the U.S. federal government. FedRAMP empowers federal agencies to use modern cloud technologies, with an emphasis on the security and protection of federal information.;334960985321;eu-north-1;2026-04-06 19:21:44.104332;ac-2;Manage system accounts, group memberships, privileges, workflow, notifications, deactivations, and authorizations.;Access Control (AC);;;aws;;PASS;User sec-user does not have Console Password enabled.;arn:aws:iam::334960985321:user/sec-user;iam_user_mfa_enabled_console_access;False;sec-user;FedRAMP-Low-Revision-4;FedRAMP Low Revision 4;
aws;The Federal Risk and Authorization Management Program (FedRAMP) was established in 2011. It provides a cost-effective, risk-based approach for the adoption and use of cloud services by the U.S. federal government. FedRAMP empowers federal agencies to use modern cloud technologies, with an emphasis on the security and protection of federal information.;334960985321;eu-north-1;2026-04-06 19:21:44.104332;ia-2;The information system uniquely identifies and authenticates organizational users (or processes acting on behalf of organizational users).;Identification and Authentication (IA);;;aws;;PASS;User sec-user does not have Console Password enabled.;arn:aws:iam::334960985321:user/sec-user;iam_user_mfa_enabled_console_access;False;sec-user;FedRAMP-Low-Revision-4;FedRAMP Low Revision 4;
aws;The Federal Risk and Authorization Management Program (FedRAMP) was established in 2011. It provides a cost-effective, risk-based approach for the adoption and use of cloud services by the U.S. federal government. FedRAMP empowers federal agencies to use modern cloud technologies, with an emphasis on the security and protection of federal information.;334960985321;eu-north-1;2026-04-06 19:21:44.104332;ac-2;Manage system accounts, group memberships, privileges, workflow, notifications, deactivations, and authorizations.;Access Control (AC);;;aws;;FAIL;Security Hub is not enabled.;arn:aws:securityhub:eu-north-1:334960985321:hub/unknown;securityhub_enabled;False;hub/unknown;FedRAMP-Low-Revision-4;FedRAMP Low Revision 4;
aws;The Federal Risk and Authorization Management Program (FedRAMP) was established in 2011. It provides a cost-effective, risk-based approach for the adoption and use of cloud services by the U.S. federal government. FedRAMP empowers federal agencies to use modern cloud technologies, with an emphasis on the security and protection of federal information.;334960985321;eu-north-1;2026-04-06 19:21:44.104332;ac-17;Authorize remote access systems prior to connection. Enforce remote connection requirements to information systems.;Access Control (AC);;;aws;;FAIL;Security Hub is not enabled.;arn:aws:securityhub:eu-north-1:334960985321:hub/unknown;securityhub_enabled;False;hub/unknown;FedRAMP-Low-Revision-4;FedRAMP Low Revision 4;
aws;The Federal Risk and Authorization Management Program (FedRAMP) was established in 2011. It provides a cost-effective, risk-based approach for the adoption and use of cloud services by the U.S. federal government. FedRAMP empowers federal agencies to use modern cloud technologies, with an emphasis on the security and protection of federal information.;334960985321;eu-north-1;2026-04-06 19:21:44.104332;ca-7;Continuously monitor configuration management processes. Determine security impact, environment and operational risks.;Security Assessment And Authorization (CA);;;aws;;FAIL;Security Hub is not enabled.;arn:aws:securityhub:eu-north-1:334960985321:hub/unknown;securityhub_enabled;False;hub/unknown;FedRAMP-Low-Revision-4;FedRAMP Low Revision 4;
aws;The Federal Risk and Authorization Management Program (FedRAMP) was established in 2011. It provides a cost-effective, risk-based approach for the adoption and use of cloud services by the U.S. federal government. FedRAMP empowers federal agencies to use modern cloud technologies, with an emphasis on the security and protection of federal information.;334960985321;eu-north-1;2026-04-06 19:21:44.104332;ir-4;The organization implements an incident handling capability for security incidents that includes preparation, detection and analysis, containment, eradication, and recovery, coordinates incident handling activities with contingency planning activities and incorporates lessons learned from ongoing incident handling activities into incident response procedures, training, and testing, and implements the resulting changes accordingly.;Incident Response (IR);;;aws;;FAIL;Security Hub is not enabled.;arn:aws:securityhub:eu-north-1:334960985321:hub/unknown;securityhub_enabled;False;hub/unknown;FedRAMP-Low-Revision-4;FedRAMP Low Revision 4;
aws;The Federal Risk and Authorization Management Program (FedRAMP) was established in 2011. It provides a cost-effective, risk-based approach for the adoption and use of cloud services by the U.S. federal government. FedRAMP empowers federal agencies to use modern cloud technologies, with an emphasis on the security and protection of federal information.;334960985321;eu-north-1;2026-04-06 19:21:44.104332;au-2;"The organization: a. Determines that the information system is capable of auditing the following events: [Assignment: organization-defined auditable events]; b. Coordinates the security audit function with other organizational entities requiring audit- related information to enhance mutual support and to help guide the selection of auditable events; c. Provides a rationale for why the auditable events are deemed to be adequate support after- the-fact investigations of security incidents";Audit and Accountability (AU);;;aws;;FAIL;VPC vpc-0ba343f09ae895b4c Flow logs are disabled.;arn:aws:ec2:eu-north-1:334960985321:vpc/vpc-0ba343f09ae895b4c;vpc_flow_logs_enabled;False;vpc-0ba343f09ae895b4c;FedRAMP-Low-Revision-4;FedRAMP Low Revision 4;
